
--POPOLAMENTO FORNITORE
INSERT INTO FORNITORE (P_IVA_FORNITORE, NOME_SOCIETA, VIA_F, CITTA_F, CAP_F , NR_CIVICO_F) VALUES ('14585146513', 'LAZZY', 'DIXON COURT', 'OYAM', '36033', '247');
INSERT INTO FORNITORE (P_IVA_FORNITORE, NOME_SOCIETA, VIA_F, CITTA_F, CAP_F , NR_CIVICO_F) VALUES ('47115423960', 'LAYO', 'COMMERCIAL PLACE', 'GANDRA', '29029', '369');
INSERT INTO FORNITORE (P_IVA_FORNITORE, NOME_SOCIETA, VIA_F, CITTA_F, CAP_F , NR_CIVICO_F) VALUES ('27453244859', 'ZOOMCAST', 'PAGET PLACE', 'UZYN', '44279', '193');
INSERT INTO FORNITORE (P_IVA_FORNITORE, NOME_SOCIETA, VIA_F, CITTA_F, CAP_F , NR_CIVICO_F) VALUES ('23676800652', 'CHATTERPOINT', 'DEREK CENTER', 'LILJENDAL', '48156', '463');
INSERT INTO FORNITORE (P_IVA_FORNITORE, NOME_SOCIETA, VIA_F, CITTA_F, CAP_F , NR_CIVICO_F) VALUES ('23377684099', 'ZOOMDOG', 'ANDERSON ALLEY', 'FLORENCIO VARELA', '46306', '144');
INSERT INTO FORNITORE (P_IVA_FORNITORE, NOME_SOCIETA, VIA_F, CITTA_F, CAP_F , NR_CIVICO_F) VALUES ('33012404222', 'ZOOVU', 'THIERER CIRCLE', 'SANBAN', '45453', '220');
INSERT INTO FORNITORE (P_IVA_FORNITORE, NOME_SOCIETA, VIA_F, CITTA_F, CAP_F , NR_CIVICO_F) VALUES ('42936203838', 'JAYO', 'PENSER PARKWAY', 'NEUILLY-SUR-SEINE', '36769', '326');
INSERT INTO FORNITORE (P_IVA_FORNITORE, NOME_SOCIETA, VIA_F, CITTA_F, CAP_F , NR_CIVICO_F) VALUES ('45887306754', 'FEEDSPAN', 'RIDGEWAY CENTER', 'ZIBU', '49738', '122');
INSERT INTO FORNITORE (P_IVA_FORNITORE, NOME_SOCIETA, VIA_F, CITTA_F, CAP_F , NR_CIVICO_F) VALUES ('34752699057', 'VIPE', 'SUPERIOR PARKWAY', 'CHITTAGONG', '12352', '240');
INSERT INTO FORNITORE (P_IVA_FORNITORE, NOME_SOCIETA, VIA_F, CITTA_F, CAP_F , NR_CIVICO_F) VALUES ('20293760741', 'SKIVEE', 'BAY ALLEY', 'ZEMUN', '18638', '410');
INSERT INTO FORNITORE (P_IVA_FORNITORE, NOME_SOCIETA, VIA_F, CITTA_F, CAP_F , NR_CIVICO_F) VALUES ('41375187395', 'YODEL', 'EXPRESS PARKWAY', 'TILMI', '41979', '454');
INSERT INTO FORNITORE (P_IVA_FORNITORE, NOME_SOCIETA, VIA_F, CITTA_F, CAP_F , NR_CIVICO_F) VALUES ('24037256356', 'JABBERSTORM', 'MITCHELL WAY', 'PÉRIGNY', '40186', '423');
INSERT INTO FORNITORE (P_IVA_FORNITORE, NOME_SOCIETA, VIA_F, CITTA_F, CAP_F , NR_CIVICO_F) VALUES ('41154061652', 'ROOMBO', 'ALMO AVENUE', 'TEPAL', '37585', '145');
INSERT INTO FORNITORE (P_IVA_FORNITORE, NOME_SOCIETA, VIA_F, CITTA_F, CAP_F , NR_CIVICO_F) VALUES ('35695740776', 'VOOMM', 'LAWN PARKWAY', 'CHANGHAN', '16589', '151');
INSERT INTO FORNITORE (P_IVA_FORNITORE, NOME_SOCIETA, VIA_F, CITTA_F, CAP_F , NR_CIVICO_F) VALUES ('19516317945', 'TAGTUNE', 'TOBAN WAY', 'AUNA', '39968', '122');
INSERT INTO FORNITORE (P_IVA_FORNITORE, NOME_SOCIETA, VIA_F, CITTA_F, CAP_F , NR_CIVICO_F) VALUES ('20071704937', 'OMBA', 'OLF COURSE CIRCLE', 'MALUMFASHI', '39561', '14');
INSERT INTO FORNITORE (P_IVA_FORNITORE, NOME_SOCIETA, VIA_F, CITTA_F, CAP_F , NR_CIVICO_F) VALUES ('35532916134', 'BROWSECAT', 'MAPLE WOOD PLAZA', 'BATGRĀM', '17745', '481');
INSERT INTO FORNITORE (P_IVA_FORNITORE, NOME_SOCIETA, VIA_F, CITTA_F, CAP_F , NR_CIVICO_F) VALUES ('36023543964', 'VOONIX', 'UTAH PASS', 'NALUS', '25528', '8');
INSERT INTO FORNITORE (P_IVA_FORNITORE, NOME_SOCIETA, VIA_F, CITTA_F, CAP_F , NR_CIVICO_F) VALUES ('26087457242', 'FIVECLUB', '156 TRUAX PASS', 'AKU', '22256', '496');
INSERT INTO FORNITORE (P_IVA_FORNITORE, NOME_SOCIETA, VIA_F, CITTA_F, CAP_F , NR_CIVICO_F) VALUES ('32310711032', 'SKALITH', 'BUTTERFIELD DRIVE', 'PALHOÇA', '42742', '105');



-- POPOLAMENTO TELEFONO_SOCIETA (ATTRIBUTO MULTIVALORE DI FORNITORE)
INSERT INTO TELEFONO_SOCIETA (P_IVA_FORNITORE, NUM_TEL_SOCIETA) VALUES ('14585146513', '+51 681 754 7282');
INSERT INTO TELEFONO_SOCIETA (P_IVA_FORNITORE, NUM_TEL_SOCIETA) VALUES ('14585146513', '+55 416 667 7864');	
INSERT INTO TELEFONO_SOCIETA (P_IVA_FORNITORE, NUM_TEL_SOCIETA) VALUES ('47115423960', '+380 671 290 9253');
INSERT INTO TELEFONO_SOCIETA (P_IVA_FORNITORE, NUM_TEL_SOCIETA) VALUES ('47115423960', '+51 116 658 7901');
INSERT INTO TELEFONO_SOCIETA (P_IVA_FORNITORE, NUM_TEL_SOCIETA) VALUES ('27453244859', '+63 610 359 1329');
INSERT INTO TELEFONO_SOCIETA (P_IVA_FORNITORE, NUM_TEL_SOCIETA) VALUES ('27453244859', '+420 290 867 4383');
INSERT INTO TELEFONO_SOCIETA (P_IVA_FORNITORE, NUM_TEL_SOCIETA) VALUES ('27453244859', '+351 761 834 8575');
INSERT INTO TELEFONO_SOCIETA (P_IVA_FORNITORE, NUM_TEL_SOCIETA) VALUES ('23676800652', '+48 810 102 5241');
INSERT INTO TELEFONO_SOCIETA (P_IVA_FORNITORE, NUM_TEL_SOCIETA) VALUES ('23676800652', '+351 600 756 7342');
INSERT INTO TELEFONO_SOCIETA (P_IVA_FORNITORE, NUM_TEL_SOCIETA) VALUES ('23676800652', '+86 205 860 7978');	
INSERT INTO TELEFONO_SOCIETA (P_IVA_FORNITORE, NUM_TEL_SOCIETA) VALUES ('23377684099', '+1 408 195 3291');
INSERT INTO TELEFONO_SOCIETA (P_IVA_FORNITORE, NUM_TEL_SOCIETA) VALUES ('23377684099', '+86 684 806 5068');	
INSERT INTO TELEFONO_SOCIETA (P_IVA_FORNITORE, NUM_TEL_SOCIETA) VALUES ('33012404222', '+55 543 827 9438');
INSERT INTO TELEFONO_SOCIETA (P_IVA_FORNITORE, NUM_TEL_SOCIETA) VALUES ('33012404222', '+52 272 205 0344');	
INSERT INTO TELEFONO_SOCIETA (P_IVA_FORNITORE, NUM_TEL_SOCIETA) VALUES ('42936203838', '+54 346 793 6800');
INSERT INTO TELEFONO_SOCIETA (P_IVA_FORNITORE, NUM_TEL_SOCIETA) VALUES ('42936203838', '+234 796 316 6715');
INSERT INTO TELEFONO_SOCIETA (P_IVA_FORNITORE, NUM_TEL_SOCIETA) VALUES ('45887306754', '+48 257 882 3123');
INSERT INTO TELEFONO_SOCIETA (P_IVA_FORNITORE, NUM_TEL_SOCIETA) VALUES ('45887306754', '+62 773 196 5908');	
INSERT INTO TELEFONO_SOCIETA (P_IVA_FORNITORE, NUM_TEL_SOCIETA) VALUES ('34752699057', '+62 834 648 8400');
INSERT INTO TELEFONO_SOCIETA (P_IVA_FORNITORE, NUM_TEL_SOCIETA) VALUES ('34752699057', '+66 236 811 5336');
INSERT INTO TELEFONO_SOCIETA (P_IVA_FORNITORE, NUM_TEL_SOCIETA) VALUES ('34752699057', '+63 739 803 5884');	
INSERT INTO TELEFONO_SOCIETA (P_IVA_FORNITORE, NUM_TEL_SOCIETA) VALUES ('20293760741', '+1 910 818 4164');
INSERT INTO TELEFONO_SOCIETA (P_IVA_FORNITORE, NUM_TEL_SOCIETA) VALUES ('20293760741', '+62 998 982 1155');	
INSERT INTO TELEFONO_SOCIETA (P_IVA_FORNITORE, NUM_TEL_SOCIETA) VALUES ('41375187395', '+33 514 335 3062');
INSERT INTO TELEFONO_SOCIETA (P_IVA_FORNITORE, NUM_TEL_SOCIETA) VALUES ('41375187395', '+62 176 709 7132');	
INSERT INTO TELEFONO_SOCIETA (P_IVA_FORNITORE, NUM_TEL_SOCIETA) VALUES ('24037256356', '+236 878 804 7887');
INSERT INTO TELEFONO_SOCIETA (P_IVA_FORNITORE, NUM_TEL_SOCIETA) VALUES ('24037256356', '+62 501 507 3182');	
INSERT INTO TELEFONO_SOCIETA (P_IVA_FORNITORE, NUM_TEL_SOCIETA) VALUES ('41154061652', '+86 530 402 1087');
INSERT INTO TELEFONO_SOCIETA (P_IVA_FORNITORE, NUM_TEL_SOCIETA) VALUES ('41154061652', '+86 333 417 6391');
INSERT INTO TELEFONO_SOCIETA (P_IVA_FORNITORE, NUM_TEL_SOCIETA) VALUES ('41154061652', '+7 482 782 5953');	
INSERT INTO TELEFONO_SOCIETA (P_IVA_FORNITORE, NUM_TEL_SOCIETA) VALUES ('35695740776', '+86 680 929 4451');
INSERT INTO TELEFONO_SOCIETA (P_IVA_FORNITORE, NUM_TEL_SOCIETA) VALUES ('35695740776', '+62 628 729 9915');	
INSERT INTO TELEFONO_SOCIETA (P_IVA_FORNITORE, NUM_TEL_SOCIETA) VALUES ('19516317945', '+212 361 669 0479');
INSERT INTO TELEFONO_SOCIETA (P_IVA_FORNITORE, NUM_TEL_SOCIETA) VALUES ('19516317945', '+387 993 389 6144');
INSERT INTO TELEFONO_SOCIETA (P_IVA_FORNITORE, NUM_TEL_SOCIETA) VALUES ('19516317945', '+63 411 906 0630');	
INSERT INTO TELEFONO_SOCIETA (P_IVA_FORNITORE, NUM_TEL_SOCIETA) VALUES ('35532916134', '+7 330 389 5727');
INSERT INTO TELEFONO_SOCIETA (P_IVA_FORNITORE, NUM_TEL_SOCIETA) VALUES ('35532916134', '+62 506 740 9916');	
INSERT INTO TELEFONO_SOCIETA (P_IVA_FORNITORE, NUM_TEL_SOCIETA) VALUES ('36023543964', '+62 467 769 2838');
INSERT INTO TELEFONO_SOCIETA (P_IVA_FORNITORE, NUM_TEL_SOCIETA) VALUES ('36023543964', '+58 647 311 3602');	
INSERT INTO TELEFONO_SOCIETA (P_IVA_FORNITORE, NUM_TEL_SOCIETA) VALUES ('26087457242', '+51 639 848 1066');
INSERT INTO TELEFONO_SOCIETA (P_IVA_FORNITORE, NUM_TEL_SOCIETA) VALUES ('26087457242', '+380 819 264 8873');
INSERT INTO TELEFONO_SOCIETA (P_IVA_FORNITORE, NUM_TEL_SOCIETA) VALUES ('20071704937', '+62 779 971 8774');
INSERT INTO TELEFONO_SOCIETA (P_IVA_FORNITORE, NUM_TEL_SOCIETA) VALUES ('20071704937', '+86 349 112 6774');
INSERT INTO TELEFONO_SOCIETA (P_IVA_FORNITORE, NUM_TEL_SOCIETA) VALUES ('20071704937', '+234 645 648 7800');
INSERT INTO TELEFONO_SOCIETA (P_IVA_FORNITORE, NUM_TEL_SOCIETA) VALUES ('32310711032', '+56 867 701 2384');
INSERT INTO TELEFONO_SOCIETA (P_IVA_FORNITORE, NUM_TEL_SOCIETA) VALUES ('32310711032', '+380 824 799 3693');
INSERT INTO TELEFONO_SOCIETA (P_IVA_FORNITORE, NUM_TEL_SOCIETA) VALUES ('32310711032', '+351 253 505 3978');



--POPOLAMENTO INVENTARIO
INSERT INTO INVENTARIO (SKU, DESCRIZIONE_INV, POSIZIONE, UNITA, QUANTITA_INV) VALUES ('SP7875', 'SCARPE', 'REPARTO 1 FILA 1', 'SCATOLA 27x34.5x19', 123);
INSERT INTO INVENTARIO (SKU, DESCRIZIONE_INV, POSIZIONE, UNITA, QUANTITA_INV) VALUES ('SP7876', 'PANTALONI', 'REPARTO 1 FILA 2', 'CIASCUNO PAIA', 240);
INSERT INTO INVENTARIO (SKU, DESCRIZIONE_INV, POSIZIONE, UNITA, QUANTITA_INV) VALUES ('SP7877', 'MAGLIETTE', 'REPARTO 1 FILA 3', 'CIASCUNO', 540);
INSERT INTO INVENTARIO (SKU, DESCRIZIONE_INV, POSIZIONE, UNITA, QUANTITA_INV) VALUES ('TR87680', 'DETERSIVI', 'REPARTO 2 FILA 1', 'CIASCUNO', 200);
INSERT INTO INVENTARIO (SKU, DESCRIZIONE_INV, POSIZIONE, UNITA, QUANTITA_INV) VALUES ('TR87681', 'GUANTI CASALINGHI', 'REPARTO 2 FILA 2', 'PAIA', 300);
INSERT INTO INVENTARIO (SKU, DESCRIZIONE_INV, POSIZIONE, UNITA, QUANTITA_INV) VALUES ('MK676554','KIT SEMI', 'REPARTO 3 FILA 1', 'SCATOLA 8x14x2.4', 350);
INSERT INTO INVENTARIO (SKU, DESCRIZIONE_INV, POSIZIONE, UNITA, QUANTITA_INV) VALUES ('MK676555','RASAERBE', 'REPARTO 3 FILA 2', 'CIASCUNO', 95);
INSERT INTO INVENTARIO (SKU, DESCRIZIONE_INV, POSIZIONE, UNITA, QUANTITA_INV) VALUES ('MK676556','GAZEBI', 'REPARTO 3 FILA 3', 'CIASCUNO', 91);
INSERT INTO INVENTARIO (SKU, DESCRIZIONE_INV, POSIZIONE, UNITA, QUANTITA_INV) VALUES ('YE98767', 'MONTACARICHI', 'REPARTO 4 FILA 1', 'CIASCUNO', 90); 
INSERT INTO INVENTARIO (SKU, DESCRIZIONE_INV, POSIZIONE, UNITA, QUANTITA_INV) VALUES ('YE98768', 'SCARPE DA LAVORO', 'REPARTO 4 FILA 2', 'SCATOLA 27x34.5x19', 201); 
INSERT INTO INVENTARIO (SKU, DESCRIZIONE_INV, POSIZIONE, UNITA, QUANTITA_INV) VALUES ('XR23423', 'CASSETTIERE', 'REPARTO 5 FILA 1', 'CIASCUNO', 90);
INSERT INTO INVENTARIO (SKU, DESCRIZIONE_INV, POSIZIONE, UNITA, QUANTITA_INV) VALUES ('XR23424', 'BASTONCINI LEGNO', 'REPARTO 5 FILA 2', 'CONFEZIONE (600PZ)', 90);
INSERT INTO INVENTARIO (SKU, DESCRIZIONE_INV, POSIZIONE, UNITA, QUANTITA_INV) VALUES ('XR23425', 'FILO ALLUMINIO', 'REPARTO 5 FILA 3', 'ROTOLO 6 M', 123);
INSERT INTO INVENTARIO (SKU, DESCRIZIONE_INV, POSIZIONE, UNITA, QUANTITA_INV) VALUES ('PW98762', 'PENNE', 'REPARTO 6 FILA 1', 'BUSTINE', 180);
INSERT INTO INVENTARIO (SKU, DESCRIZIONE_INV, POSIZIONE, UNITA, QUANTITA_INV) VALUES ('PW98763', 'EVIDENZIATORI', 'REPARTO 6 FILA 2', 'BUSTINE', 180);
INSERT INTO INVENTARIO (SKU, DESCRIZIONE_INV, POSIZIONE, UNITA, QUANTITA_INV) VALUES ('PW98764', 'QUADERNI', 'REPARTO 6 FILA 3', 'PACCO 5 PZ', 230);
INSERT INTO INVENTARIO (SKU, DESCRIZIONE_INV, POSIZIONE, UNITA, QUANTITA_INV) VALUES ('BM87684', 'BEVANDE LATTINE', 'REPARTO 7 FILA 1', 'CONFEZIONE 19.5x39.7x24.5', 400);
INSERT INTO INVENTARIO (SKU, DESCRIZIONE_INV, POSIZIONE, UNITA, QUANTITA_INV) VALUES ('BM87685', 'BEVANDE BOTTIGLIE', 'REPARTO 7 FILA 2', 'SCATOLA 28x19x31', 400);
INSERT INTO INVENTARIO (SKU, DESCRIZIONE_INV, POSIZIONE, UNITA, QUANTITA_INV) VALUES ('BH67655', 'GUANTI DA BOXE', 'REPARTO 8 FILA 1', 'PAIA', 220);
INSERT INTO INVENTARIO (SKU, DESCRIZIONE_INV, POSIZIONE, UNITA, QUANTITA_INV) VALUES ('BH67656', 'PANCHE', 'REPARTO 8 FILA 2', 'CIASCUNO', 120);
INSERT INTO INVENTARIO (SKU, DESCRIZIONE_INV, POSIZIONE, UNITA, QUANTITA_INV) VALUES ('BH67657', 'TAPPETI', 'REPARTO 8 FILA 3', 'SET 21 PZ', 120);
INSERT INTO INVENTARIO (SKU, DESCRIZIONE_INV, POSIZIONE, UNITA, QUANTITA_INV) VALUES ('WT98768', 'ANTI GELO', 'REPARTO 9 FILA 1', 'TANICA 2L', 190);
INSERT INTO INVENTARIO (SKU, DESCRIZIONE_INV, POSIZIONE, UNITA, QUANTITA_INV) VALUES ('WT98769', 'OLIO MOTORE', 'REPARTO 9 FILA 2', 'TANICA 4L', 235);
INSERT INTO INVENTARIO (SKU, DESCRIZIONE_INV, POSIZIONE, UNITA, QUANTITA_INV) VALUES ('WT98770', 'PARASOLE', 'REPARTO 9 FILA 3', 'CIASCUNO', 340);
INSERT INTO INVENTARIO (SKU, DESCRIZIONE_INV, POSIZIONE, UNITA, QUANTITA_INV) VALUES ('TS3456', 'VERANDE', 'REPARTO 10 FILA 1', 'CIASCUNO', 92);
INSERT INTO INVENTARIO (SKU, DESCRIZIONE_INV, POSIZIONE, UNITA, QUANTITA_INV) VALUES ('TS3457', 'FINESTRE', 'REPARTO 10 FILA 2', 'CIASCUNO', 93);
INSERT INTO INVENTARIO (SKU, DESCRIZIONE_INV, POSIZIONE, UNITA, QUANTITA_INV) VALUES ('TS3458', 'SCAFFALI', 'REPARTO 10 FILA 3', 'KIT 3 SCOMPARTI', 93);
INSERT INTO INVENTARIO (SKU, DESCRIZIONE_INV, POSIZIONE, UNITA, QUANTITA_INV) VALUES ('WDG123', 'BORRACCE', 'REPARTO 11 FILA 1', 'CIASCUNO', 500);
INSERT INTO INVENTARIO (SKU, DESCRIZIONE_INV, POSIZIONE, UNITA, QUANTITA_INV) VALUES ('WDG124', 'TENDE', 'REPARTO 11 FILA 2', 'CIASCUNO', 92);
INSERT INTO INVENTARIO (SKU, DESCRIZIONE_INV, POSIZIONE, UNITA, QUANTITA_INV) VALUES ('WDG125', 'LANTERNE', 'REPARTO 11 FILA 3', 'CIASCUNO', 320);
INSERT INTO INVENTARIO (SKU, DESCRIZIONE_INV, POSIZIONE, UNITA, QUANTITA_INV) VALUES ('YY1234', 'SCHERMI', 'REPARTO 12 FILA 1', 'CIASCUNO', 220);
INSERT INTO INVENTARIO (SKU, DESCRIZIONE_INV, POSIZIONE, UNITA, QUANTITA_INV) VALUES ('YY1235', 'PILE', 'REPARTO 12 FILA 2', 'CONFEZIONE 15x5', 220);
INSERT INTO INVENTARIO (SKU, DESCRIZIONE_INV, POSIZIONE, UNITA, QUANTITA_INV) VALUES ('YY1236', 'SALDATORE', 'REPARTO 12 FILA 3', 'KIT', 96);
INSERT INTO INVENTARIO (SKU, DESCRIZIONE_INV, POSIZIONE, UNITA, QUANTITA_INV) VALUES ('XM5438', 'CUCCE', 'REPARTO 13 FILA 1', 'CIASCUNO 50x80X75', 99);
INSERT INTO INVENTARIO (SKU, DESCRIZIONE_INV, POSIZIONE, UNITA, QUANTITA_INV) VALUES ('XM5439', 'CASETTE', 'REPARTO 13 FILA 2', 'CIASCUNO', 99);
INSERT INTO INVENTARIO (SKU, DESCRIZIONE_INV, POSIZIONE, UNITA, QUANTITA_INV) VALUES ('MYUO976', 'CHITARRE', 'REPARTO 14 FILA 1', 'CIASCUNO', 90);
INSERT INTO INVENTARIO (SKU, DESCRIZIONE_INV, POSIZIONE, UNITA, QUANTITA_INV) VALUES ('MYUO977', 'BASSO', 'REPARTO 14 FILA 2', 'CIASCUNO', 96);
INSERT INTO INVENTARIO (SKU, DESCRIZIONE_INV, POSIZIONE, UNITA, QUANTITA_INV) VALUES ('MYUO978', 'VIOLINO', 'REPARTO 14 FILA 3', 'CIASCUNO', 1000);
INSERT INTO INVENTARIO (SKU, DESCRIZIONE_INV, POSIZIONE, UNITA, QUANTITA_INV) VALUES ('2SNIVUKEN', 'LED', 'REPARTO 15 FILA 1', 'STRISCIA', 500);
INSERT INTO INVENTARIO (SKU, DESCRIZIONE_INV, POSIZIONE, UNITA, QUANTITA_INV) VALUES ('2SNIVUKEM', 'LAMPADE', 'REPARTO 15 FILA 2', 'CIASUNO', 120);



-- POPOLAMENTO FORNITURA
INSERT INTO FORNITURA (NUM_RICEVUTA_FORNITURA, P_IVA_FORNITORE, SKU, DESCRIZIONE_FORNITURA, QUANTITA_PALLET) VALUES (628, '14585146513','SP7875',    'ARTICOLI ABBIGLIAMENTO' , 6 );
INSERT INTO FORNITURA (NUM_RICEVUTA_FORNITURA, P_IVA_FORNITORE, SKU, DESCRIZIONE_FORNITURA, QUANTITA_PALLET) VALUES (198, '35532916134','SP7876',   'ARTICOLI ABBIGLIAMENTO' , 3 );
INSERT INTO FORNITURA (NUM_RICEVUTA_FORNITURA, P_IVA_FORNITORE, SKU, DESCRIZIONE_FORNITURA, QUANTITA_PALLET) VALUES (199, '35532916134','SP7877',   'ARTICOLI ABBIGLIAMENTO' , 4 );
INSERT INTO FORNITURA (NUM_RICEVUTA_FORNITURA, P_IVA_FORNITORE, SKU, DESCRIZIONE_FORNITURA, QUANTITA_PALLET) VALUES (620, '47115423960','TR87680',   'ARTICOLI CASALINGA'     , 10);
INSERT INTO FORNITURA (NUM_RICEVUTA_FORNITURA, P_IVA_FORNITORE, SKU, DESCRIZIONE_FORNITURA, QUANTITA_PALLET) VALUES (621, '47115423960','TR87681',   'ARTICOLI CASALINGA'     , 10);
INSERT INTO FORNITURA (NUM_RICEVUTA_FORNITURA, P_IVA_FORNITORE, SKU, DESCRIZIONE_FORNITURA, QUANTITA_PALLET) VALUES (263, '27453244859','MK676554',  'ARTICOLI GIARDINAGGIO'  , 5 );
INSERT INTO FORNITURA (NUM_RICEVUTA_FORNITURA, P_IVA_FORNITORE, SKU, DESCRIZIONE_FORNITURA, QUANTITA_PALLET) VALUES (264, '27453244859','MK676555',  'ARTICOLI GIARDINAGGIO'  , 5 );
INSERT INTO FORNITURA (NUM_RICEVUTA_FORNITURA, P_IVA_FORNITORE, SKU, DESCRIZIONE_FORNITURA, QUANTITA_PALLET) VALUES (265, '27453244859','MK676556',  'ARTICOLI GIARDINAGGIO'  , 5 );
INSERT INTO FORNITURA (NUM_RICEVUTA_FORNITURA, P_IVA_FORNITORE, SKU, DESCRIZIONE_FORNITURA, QUANTITA_PALLET) VALUES (633, '23676800652','YE98767',   'ARTICOLI EDILIZIA'      , 6 );
INSERT INTO FORNITURA (NUM_RICEVUTA_FORNITURA, P_IVA_FORNITORE, SKU, DESCRIZIONE_FORNITURA, QUANTITA_PALLET) VALUES (634, '23676800652','YE98768',   'ARTICOLI EDILIZIA'      , 6 );
INSERT INTO FORNITURA (NUM_RICEVUTA_FORNITURA, P_IVA_FORNITORE, SKU, DESCRIZIONE_FORNITURA, QUANTITA_PALLET) VALUES (909, '23377684099','XR23423',   'ARTICOLI BRICOLAGE'     , 9 );
INSERT INTO FORNITURA (NUM_RICEVUTA_FORNITURA, P_IVA_FORNITORE, SKU, DESCRIZIONE_FORNITURA, QUANTITA_PALLET) VALUES (950, '36023543964','XR23424',  'ARTICOLI BRICOLAGE '    , 11);
INSERT INTO FORNITURA (NUM_RICEVUTA_FORNITURA, P_IVA_FORNITORE, SKU, DESCRIZIONE_FORNITURA, QUANTITA_PALLET) VALUES (951, '36023543964','XR23425',  'ARTICOLI BRICOLAGE '    , 12);
INSERT INTO FORNITURA (NUM_RICEVUTA_FORNITURA, P_IVA_FORNITORE, SKU, DESCRIZIONE_FORNITURA, QUANTITA_PALLET) VALUES (357, '33012404222','PW98762',   'ARTICOLI CARTOLERIA'    , 1 );
INSERT INTO FORNITURA (NUM_RICEVUTA_FORNITURA, P_IVA_FORNITORE, SKU, DESCRIZIONE_FORNITURA, QUANTITA_PALLET) VALUES (358, '33012404222','PW98763',   'ARTICOLI CARTOLERIA'    , 3 );
INSERT INTO FORNITURA (NUM_RICEVUTA_FORNITURA, P_IVA_FORNITORE, SKU, DESCRIZIONE_FORNITURA, QUANTITA_PALLET) VALUES (359, '33012404222','PW98764',   'ARTICOLI CARTOLERIA'    , 4 );
INSERT INTO FORNITURA (NUM_RICEVUTA_FORNITURA, P_IVA_FORNITORE, SKU, DESCRIZIONE_FORNITURA, QUANTITA_PALLET) VALUES (146, '42936203838','BM87684',   'ARTICOLI BEVANDE'       , 5 );
INSERT INTO FORNITURA (NUM_RICEVUTA_FORNITURA, P_IVA_FORNITORE, SKU, DESCRIZIONE_FORNITURA, QUANTITA_PALLET) VALUES (147, '42936203838','BM87685',   'ARTICOLI BEVANDE'       , 5 );
INSERT INTO FORNITURA (NUM_RICEVUTA_FORNITURA, P_IVA_FORNITORE, SKU, DESCRIZIONE_FORNITURA, QUANTITA_PALLET) VALUES (683, '45887306754','BH67655',   'ARTICOLI SPORT'         , 15);
INSERT INTO FORNITURA (NUM_RICEVUTA_FORNITURA, P_IVA_FORNITORE, SKU, DESCRIZIONE_FORNITURA, QUANTITA_PALLET) VALUES (684, '45887306754','BH67656',   'ARTICOLI SPORT'         , 15);
INSERT INTO FORNITURA (NUM_RICEVUTA_FORNITURA, P_IVA_FORNITORE, SKU, DESCRIZIONE_FORNITURA, QUANTITA_PALLET) VALUES (685, '45887306754','BH67657',   'ARTICOLI SPORT'         , 12);
INSERT INTO FORNITURA (NUM_RICEVUTA_FORNITURA, P_IVA_FORNITORE, SKU, DESCRIZIONE_FORNITURA, QUANTITA_PALLET) VALUES (896, '34752699057','WT98768',   'ARTICOLI AUTO'          , 8 );
INSERT INTO FORNITURA (NUM_RICEVUTA_FORNITURA, P_IVA_FORNITORE, SKU, DESCRIZIONE_FORNITURA, QUANTITA_PALLET) VALUES (897, '26087457242','WT98769',   'ARTICOLI AUTO'          , 8 );
INSERT INTO FORNITURA (NUM_RICEVUTA_FORNITURA, P_IVA_FORNITORE, SKU, DESCRIZIONE_FORNITURA, QUANTITA_PALLET) VALUES (898, '34752699057','WT98770',   'ARTICOLI AUTO'          , 11 );
INSERT INTO FORNITURA (NUM_RICEVUTA_FORNITURA, P_IVA_FORNITORE, SKU, DESCRIZIONE_FORNITURA, QUANTITA_PALLET) VALUES (46, '20293760741' ,'TS3456',    'ARTICOLI INFISSI'       , 13);
INSERT INTO FORNITURA (NUM_RICEVUTA_FORNITURA, P_IVA_FORNITORE, SKU, DESCRIZIONE_FORNITURA, QUANTITA_PALLET) VALUES (47, '20293760741' ,'TS3457',    'ARTICOLI INFISSI'       , 15);
INSERT INTO FORNITURA (NUM_RICEVUTA_FORNITURA, P_IVA_FORNITORE, SKU, DESCRIZIONE_FORNITURA, QUANTITA_PALLET) VALUES (48, '20293760741' ,'TS3458',    'ARTICOLI INFISSI'       , 14);
INSERT INTO FORNITURA (NUM_RICEVUTA_FORNITURA, P_IVA_FORNITORE, SKU, DESCRIZIONE_FORNITURA, QUANTITA_PALLET) VALUES (492, '41375187395','WDG123',    'ARTICOLI CAMPEGGIO'     , 12);
INSERT INTO FORNITURA (NUM_RICEVUTA_FORNITURA, P_IVA_FORNITORE, SKU, DESCRIZIONE_FORNITURA, QUANTITA_PALLET) VALUES (493, '41375187395','WDG124',    'ARTICOLI CAMPEGGIO'     , 11);
INSERT INTO FORNITURA (NUM_RICEVUTA_FORNITURA, P_IVA_FORNITORE, SKU, DESCRIZIONE_FORNITURA, QUANTITA_PALLET) VALUES (494, '41375187395','WDG125',    'ARTICOLI CAMPEGGIO'     , 10);
INSERT INTO FORNITURA (NUM_RICEVUTA_FORNITURA, P_IVA_FORNITORE, SKU, DESCRIZIONE_FORNITURA, QUANTITA_PALLET) VALUES (762, '24037256356','YY1234',    'ARTICOLI ELETTRONICA'   , 12);
INSERT INTO FORNITURA (NUM_RICEVUTA_FORNITURA, P_IVA_FORNITORE, SKU, DESCRIZIONE_FORNITURA, QUANTITA_PALLET) VALUES (763, '24037256356','YY1235',    'ARTICOLI ELETTRONICA'   , 12);
INSERT INTO FORNITURA (NUM_RICEVUTA_FORNITURA, P_IVA_FORNITORE, SKU, DESCRIZIONE_FORNITURA, QUANTITA_PALLET) VALUES (764, '24037256356','YY1236',    'ARTICOLI ELETTRONICA'   , 4);
INSERT INTO FORNITURA (NUM_RICEVUTA_FORNITURA, P_IVA_FORNITORE, SKU, DESCRIZIONE_FORNITURA, QUANTITA_PALLET) VALUES (136, '41154061652','XM5438',    'ARTICOLI ANIMALI'       , 10);
INSERT INTO FORNITURA (NUM_RICEVUTA_FORNITURA, P_IVA_FORNITORE, SKU, DESCRIZIONE_FORNITURA, QUANTITA_PALLET) VALUES (137, '41154061652','XM5439',    'ARTICOLI ANIMALI'       , 10);
INSERT INTO FORNITURA (NUM_RICEVUTA_FORNITURA, P_IVA_FORNITORE, SKU, DESCRIZIONE_FORNITURA, QUANTITA_PALLET) VALUES (16, '35695740776' ,'MYUO976',   'ARTICOLI MUSICA'        , 15);
INSERT INTO FORNITURA (NUM_RICEVUTA_FORNITURA, P_IVA_FORNITORE, SKU, DESCRIZIONE_FORNITURA, QUANTITA_PALLET) VALUES (17, '32310711032' ,'MYUO977',   'ARTICOLI MUSICA'        , 10);
INSERT INTO FORNITURA (NUM_RICEVUTA_FORNITURA, P_IVA_FORNITORE, SKU, DESCRIZIONE_FORNITURA, QUANTITA_PALLET) VALUES (18, '35695740776' ,'MYUO978',   'ARTICOLI MUSICA'        , 15);
INSERT INTO FORNITURA (NUM_RICEVUTA_FORNITURA, P_IVA_FORNITORE, SKU, DESCRIZIONE_FORNITURA, QUANTITA_PALLET) VALUES (967, '19516317945','2SNIVUKEN', 'ARTICOLI ILLUMINAZIONE' , 10);
INSERT INTO FORNITURA (NUM_RICEVUTA_FORNITURA, P_IVA_FORNITORE, SKU, DESCRIZIONE_FORNITURA, QUANTITA_PALLET) VALUES (345, '20071704937', '2SNIVUKEM','ARTICOLI ILLUMINAZIONE', 3  );



--POPOLAMENTO CLIENTE
INSERT INTO CLIENTE (ID_CLIENTE, TELEFONO_CLIENTE, VIA_C, CITTA_C, CAP_C, NR_CIVICO_C) VALUES (1, '+86 140 181 60608', 'SCOFIELD', 'JINSHI', '18199', '27');
INSERT INTO CLIENTE (ID_CLIENTE, TELEFONO_CLIENTE, VIA_C, CITTA_C, CAP_C, NR_CIVICO_C) VALUES (2, '+82 113 959 4322',  'WARRIOR', 'JINAN-GUN', '44774', '89');
INSERT INTO CLIENTE (ID_CLIENTE, TELEFONO_CLIENTE, VIA_C, CITTA_C, CAP_C, NR_CIVICO_C) VALUES (3, '+52 944 705 5863',  'MELROSE', 'FRANCISCO I MADERO', '39106', '38');
INSERT INTO CLIENTE (ID_CLIENTE, TELEFONO_CLIENTE, VIA_C, CITTA_C, CAP_C, NR_CIVICO_C) VALUES (4, '+66 342 324 2369',  'WAXWING', 'BANG KRATHUM', '25623', '50');
INSERT INTO CLIENTE (ID_CLIENTE, TELEFONO_CLIENTE, VIA_C, CITTA_C, CAP_C, NR_CIVICO_C) VALUES (5, '+62 729 332 1148',  'ANHALT', 'CAMPAKA', '19347', '100');
INSERT INTO CLIENTE (ID_CLIENTE, TELEFONO_CLIENTE, VIA_C, CITTA_C, CAP_C, NR_CIVICO_C) VALUES (6, '+7 170 539 8483',  'DEBS', 'ZAGORYANSKIY', '25342', '33');
INSERT INTO CLIENTE (ID_CLIENTE, TELEFONO_CLIENTE, VIA_C, CITTA_C, CAP_C, NR_CIVICO_C) VALUES (7, '+31 964 841 2442',  'FAIRVIEW', 'ZWOLLE', '23645', '55');
INSERT INTO CLIENTE (ID_CLIENTE, TELEFONO_CLIENTE, VIA_C, CITTA_C, CAP_C, NR_CIVICO_C) VALUES (8, '+351 518 976 3120',  '5TH', 'TERCENA', '40234', '69');
INSERT INTO CLIENTE (ID_CLIENTE, TELEFONO_CLIENTE, VIA_C, CITTA_C, CAP_C, NR_CIVICO_C) VALUES (9, '+66 209 842 5456',  'HOFFMAN', 'SUAN LUANG', '48905', '97');
INSERT INTO CLIENTE (ID_CLIENTE, TELEFONO_CLIENTE, VIA_C, CITTA_C, CAP_C, NR_CIVICO_C) VALUES (10, '+86 548 228 7494',  'DELLADONNA', 'DANYANG', '21534', '75');
INSERT INTO CLIENTE (ID_CLIENTE, TELEFONO_CLIENTE, VIA_C, CITTA_C, CAP_C, NR_CIVICO_C) VALUES (11, '+7 332 699 2004',  'DARWIN', 'NOVYY URGAL', '42556', '57');
INSERT INTO CLIENTE (ID_CLIENTE, TELEFONO_CLIENTE, VIA_C, CITTA_C, CAP_C, NR_CIVICO_C) VALUES (12, '+7 229 518 4025',  'BLACKBIRD', 'TSOTSIN-YURT', '35375', '42');
INSERT INTO CLIENTE (ID_CLIENTE, TELEFONO_CLIENTE, VIA_C, CITTA_C, CAP_C, NR_CIVICO_C) VALUES (13, '+7 392 491 8370',  'ROTH', 'PERFILOVO', '25094', '37');
INSERT INTO CLIENTE (ID_CLIENTE, TELEFONO_CLIENTE, VIA_C, CITTA_C, CAP_C, NR_CIVICO_C) VALUES (14, '+966 807 527 5095',  'MICHIGAN', 'AL MUŢAYRIFĪ', '29843', '95');
INSERT INTO CLIENTE (ID_CLIENTE, TELEFONO_CLIENTE, VIA_C, CITTA_C, CAP_C, NR_CIVICO_C) VALUES (15, '+63 316 603 8604',  'DEL MAR', 'BANOCBOC', '16759', '49');
INSERT INTO CLIENTE (ID_CLIENTE, TELEFONO_CLIENTE, VIA_C, CITTA_C, CAP_C, NR_CIVICO_C) VALUES (16, '+62 829 714 4523',  'GLENDALE', 'KOTA TERNATE', '17856', '57');
INSERT INTO CLIENTE (ID_CLIENTE, TELEFONO_CLIENTE, VIA_C, CITTA_C, CAP_C, NR_CIVICO_C) VALUES (17, '+63 557 441 7613',  'SUTTERIDGE', 'BAGUMBAYAN', '32773', '67');
INSERT INTO CLIENTE (ID_CLIENTE, TELEFONO_CLIENTE, VIA_C, CITTA_C, CAP_C, NR_CIVICO_C) VALUES (18, '+7 145 362 9894',  'STEPHEN', 'VOLGORECHENSK', '15908', '67');
INSERT INTO CLIENTE (ID_CLIENTE, TELEFONO_CLIENTE, VIA_C, CITTA_C, CAP_C, NR_CIVICO_C) VALUES (19, '+850 123 359 0453',  'MCBRIDE', 'CHONGJIN', '29578', '37');
INSERT INTO CLIENTE (ID_CLIENTE, TELEFONO_CLIENTE, VIA_C, CITTA_C, CAP_C, NR_CIVICO_C) VALUES (20, '+44 860 242 8653',  'EMMET', 'UPTON', '15268', '27');
INSERT INTO CLIENTE (ID_CLIENTE, TELEFONO_CLIENTE, VIA_C, CITTA_C, CAP_C, NR_CIVICO_C) VALUES (21, '+52 638 518 5617',  'LAUREL', 'BENITO JUAREZ', '46436', '9');
INSERT INTO CLIENTE (ID_CLIENTE, TELEFONO_CLIENTE, VIA_C, CITTA_C, CAP_C, NR_CIVICO_C) VALUES (22, '+62 974 427 8786',  'BAY', 'SERIRIT', '26454', '91');
INSERT INTO CLIENTE (ID_CLIENTE, TELEFONO_CLIENTE, VIA_C, CITTA_C, CAP_C, NR_CIVICO_C) VALUES (23, '+234 437 874 1199',   '1ST', 'GAGARAWA', '28357', '98');
INSERT INTO CLIENTE (ID_CLIENTE, TELEFONO_CLIENTE, VIA_C, CITTA_C, CAP_C, NR_CIVICO_C) VALUES (24, '+352 934 995 7287', 'LINDBERGH', 'WILWERWILTZ', '40914', '37');
INSERT INTO CLIENTE (ID_CLIENTE, TELEFONO_CLIENTE, VIA_C, CITTA_C, CAP_C, NR_CIVICO_C) VALUES (25, '+86 160 492 9278',   'MERRICK', 'TIANMUHU', '18596', '82');
INSERT INTO CLIENTE (ID_CLIENTE, TELEFONO_CLIENTE, VIA_C, CITTA_C, CAP_C, NR_CIVICO_C) VALUES (26, '+51 236 618 9870',   'GLENDALE', 'POZUZO', '41872', '79');
INSERT INTO CLIENTE (ID_CLIENTE, TELEFONO_CLIENTE, VIA_C, CITTA_C, CAP_C, NR_CIVICO_C) VALUES (27, '+370 643 632 4351',  'CREST LINE', 'KURŠĖNAI', '45996', '74');
INSERT INTO CLIENTE (ID_CLIENTE, TELEFONO_CLIENTE, VIA_C, CITTA_C, CAP_C, NR_CIVICO_C) VALUES (28, '+63 212 707 1192', 'GRAEDEL', 'TAMBAC', '22283', '16');
INSERT INTO CLIENTE (ID_CLIENTE, TELEFONO_CLIENTE, VIA_C, CITTA_C, CAP_C, NR_CIVICO_C) VALUES (29, '+86 666 139 6598',   'MANUFACTURERS', 'CHENGBEI', '38221', '36');
INSERT INTO CLIENTE (ID_CLIENTE, TELEFONO_CLIENTE, VIA_C, CITTA_C, CAP_C, NR_CIVICO_C) VALUES (30, '+63 530 642 4636',   'SUNDOWN', 'BALADING', '46598', '26');
INSERT INTO CLIENTE (ID_CLIENTE, TELEFONO_CLIENTE, VIA_C, CITTA_C, CAP_C, NR_CIVICO_C) VALUES (31, '+351 991 258 3024',   'GROVER', 'ABÓBODA', '21326', '29');
INSERT INTO CLIENTE (ID_CLIENTE, TELEFONO_CLIENTE, VIA_C, CITTA_C, CAP_C, NR_CIVICO_C) VALUES (32, '+374 438 934 3823',   'GRAYHAWK', 'GETAHOVIT', '14913', '8');
INSERT INTO CLIENTE (ID_CLIENTE, TELEFONO_CLIENTE, VIA_C, CITTA_C, CAP_C, NR_CIVICO_C) VALUES (33, '+81 558 748 5526',   'GREEN', 'TAKEDAMACHI', '10006', '57');
INSERT INTO CLIENTE (ID_CLIENTE, TELEFONO_CLIENTE, VIA_C, CITTA_C, CAP_C, NR_CIVICO_C) VALUES (34, '+86 514 190 7198', 'LINDEN', 'BAYAN HUXU', '48017', '28');
INSERT INTO CLIENTE (ID_CLIENTE, TELEFONO_CLIENTE, VIA_C, CITTA_C, CAP_C, NR_CIVICO_C) VALUES (35, '+7 718 321 2217' , 'PARKSIDE', 'NOVYYE KUZ’MINKI', '26342', '4');
INSERT INTO CLIENTE (ID_CLIENTE, TELEFONO_CLIENTE, VIA_C, CITTA_C, CAP_C, NR_CIVICO_C) VALUES (36, '+222 913 734 5705',  'WARNER', 'ATAR', '48429', '10');
INSERT INTO CLIENTE (ID_CLIENTE, TELEFONO_CLIENTE, VIA_C, CITTA_C, CAP_C, NR_CIVICO_C) VALUES (37, '+81 417 884 3894',   'LONDONDERRY', 'NAGAHAMA', '35908', '72');
INSERT INTO CLIENTE (ID_CLIENTE, TELEFONO_CLIENTE, VIA_C, CITTA_C, CAP_C, NR_CIVICO_C) VALUES (38, '+62 281 193 9365',   'BELLGROVE', 'PONGGEOK', '14015', '85');
INSERT INTO CLIENTE (ID_CLIENTE, TELEFONO_CLIENTE, VIA_C, CITTA_C, CAP_C, NR_CIVICO_C) VALUES (39, '+7 470 885 5897',   'CAMBRIDGE', 'KALASHNIKOVO', '12924', '79');
INSERT INTO CLIENTE (ID_CLIENTE, TELEFONO_CLIENTE, VIA_C, CITTA_C, CAP_C, NR_CIVICO_C) VALUES (40, '+49 787 879 4260',  'MONUMENT', 'HANNOVER', '48635', '75');



--POPOLAMENTO PERSONA
INSERT INTO PERSONA (CF_PERSONA, ID_CLIENTE, NOME_PERSONA, COGNOME_PERSONA, EMAIL_PERSONA) VALUES ('5245650997223359', 1, 'LUTHER', 'SHELLUM', 'LSHELLUM0@MAPY.CZ');
INSERT INTO PERSONA (CF_PERSONA, ID_CLIENTE, NOME_PERSONA, COGNOME_PERSONA, EMAIL_PERSONA) VALUES ('2247861108805570', 2, 'MAYNARD', 'YOSKOWITZ', 'MYOSKOWITZ1@SLATE.COM');
INSERT INTO PERSONA (CF_PERSONA, ID_CLIENTE, NOME_PERSONA, COGNOME_PERSONA, EMAIL_PERSONA) VALUES ('1389193094564461', 3, 'DARRELLE', 'OLOHAN', 'DOLOHAN2@STORIFY.COM');
INSERT INTO PERSONA (CF_PERSONA, ID_CLIENTE, NOME_PERSONA, COGNOME_PERSONA, EMAIL_PERSONA) VALUES ('2663140025996345', 4, 'NEDA', 'PATTULLO', 'NPATULO3@INDEPENDENT.UK');
INSERT INTO PERSONA (CF_PERSONA, ID_CLIENTE, NOME_PERSONA, COGNOME_PERSONA, EMAIL_PERSONA) VALUES ('9821939247358803', 5, 'WOODMAN', 'MADDAMS', 'WMADDAMS4@SEESAA.NET');
INSERT INTO PERSONA (CF_PERSONA, ID_CLIENTE, NOME_PERSONA, COGNOME_PERSONA, EMAIL_PERSONA) VALUES ('4713549102384979', 6, 'SHELL', 'SILVERSMIDT', 'SILVEMIDT5@IMAGESHACK.US');
INSERT INTO PERSONA (CF_PERSONA, ID_CLIENTE, NOME_PERSONA, COGNOME_PERSONA, EMAIL_PERSONA) VALUES ('1998962951016018', 7, 'HELENKA', 'PETROLLO','HPROLO6@BIBLEGATEWAY.COM');
INSERT INTO PERSONA (CF_PERSONA, ID_CLIENTE, NOME_PERSONA, COGNOME_PERSONA, EMAIL_PERSONA) VALUES ('3074218884994356', 8, 'JAYSON', 'MCGUINEY','JMCGUINEY7@GOOGLE.ES');
INSERT INTO PERSONA (CF_PERSONA, ID_CLIENTE, NOME_PERSONA, COGNOME_PERSONA, EMAIL_PERSONA) VALUES ('1537240045930879', 9, 'LILIAS', 'BEEBLE','LBEEBLE8@PRLOG.ORG');
INSERT INTO PERSONA (CF_PERSONA, ID_CLIENTE, NOME_PERSONA, COGNOME_PERSONA, EMAIL_PERSONA) VALUES ('2141679732962100', 10, 'KATLEEN', 'JAGOE','KJAGOE9@LYCOS.COM');
INSERT INTO PERSONA (CF_PERSONA, ID_CLIENTE, NOME_PERSONA, COGNOME_PERSONA, EMAIL_PERSONA) VALUES ('2622338608596157', 11, 'CATHY', 'SHAY', 'CSHAYA@SOHU.COM');
INSERT INTO PERSONA (CF_PERSONA, ID_CLIENTE, NOME_PERSONA, COGNOME_PERSONA, EMAIL_PERSONA) VALUES ('4786192209561179', 12, 'OLWEN', 'CACCAVELLA', 'OCACCAVELLAB@CPANEL.NET');
INSERT INTO PERSONA (CF_PERSONA, ID_CLIENTE, NOME_PERSONA, COGNOME_PERSONA, EMAIL_PERSONA) VALUES ('9259987953904525', 13, 'BARTY', 'NICKOLLS','BNICKOLLSC@CNET.COM');
INSERT INTO PERSONA (CF_PERSONA, ID_CLIENTE, NOME_PERSONA, COGNOME_PERSONA, EMAIL_PERSONA) VALUES ('1840892743429529', 14, 'MARCELLO', 'MUNNIS','MMUNNISD@LOC.GOV');
INSERT INTO PERSONA (CF_PERSONA, ID_CLIENTE, NOME_PERSONA, COGNOME_PERSONA, EMAIL_PERSONA) VALUES ('3013557869389238', 15, 'SIDONNIE', 'IVASHEV', 'SIVASHEVE@COM.COM');
INSERT INTO PERSONA (CF_PERSONA, ID_CLIENTE, NOME_PERSONA, COGNOME_PERSONA, EMAIL_PERSONA) VALUES ('1764059754036884', 16, 'NOMI', 'HASTE', 'NHASTEF@USTREAM.TV');
INSERT INTO PERSONA (CF_PERSONA, ID_CLIENTE, NOME_PERSONA, COGNOME_PERSONA, EMAIL_PERSONA) VALUES ('2645486683453991', 17, 'JANY', 'DODS', 'JDODSG@HHS.GOV');
INSERT INTO PERSONA (CF_PERSONA, ID_CLIENTE, NOME_PERSONA, COGNOME_PERSONA, EMAIL_PERSONA) VALUES ('4180861398764726', 18, 'CORLY', 'MCGILBON', 'CMCGILBONH@TIME.COM');
INSERT INTO PERSONA (CF_PERSONA, ID_CLIENTE, NOME_PERSONA, COGNOME_PERSONA, EMAIL_PERSONA) VALUES ('3753030315080833', 19, 'AAREN', 'CAWTHORN','ACAWTHORNI@STATE.TX.US');
INSERT INTO PERSONA (CF_PERSONA, ID_CLIENTE, NOME_PERSONA, COGNOME_PERSONA, EMAIL_PERSONA) VALUES ('3287090324280292', 20, 'TEMP', 'PANNER','TPANNERJ@SKYPE.COM');



--POPOLAMENTO AZIENDA
INSERT INTO AZIENDA (P_IVA_CLIENTE, ID_CLIENTE, NOME_AZIENDA, DATA_FONDAZIONE,  PEC) VALUES ('32975276887', 21, 'KOVACEK, HYATT AND WEHNER', TO_DATE('01/1960', 'MM/YYYY'), 'IDEAKIN0@MLB.COM');
INSERT INTO AZIENDA (P_IVA_CLIENTE, ID_CLIENTE, NOME_AZIENDA, DATA_FONDAZIONE,  PEC) VALUES ('10811643878', 22, 'MONAHAN AND FEENEY', TO_DATE('02/1960', 'MM/YYYY'), 'LRUDDOCK1@GODADDY.COM');
INSERT INTO AZIENDA (P_IVA_CLIENTE, ID_CLIENTE, NOME_AZIENDA, DATA_FONDAZIONE,  PEC) VALUES ('21759441498', 23, 'WIZA GROUP', TO_DATE('03/1960', 'MM/YYYY'), 'BSCROWBY2@TYPEPAD.COM');
INSERT INTO AZIENDA (P_IVA_CLIENTE, ID_CLIENTE, NOME_AZIENDA, DATA_FONDAZIONE,  PEC) VALUES ('30341621022', 24, 'BECKER-SCHIMMEL', TO_DATE('04/1960', 'MM/YYYY'), 'CRUECASTLE3@HUBPAGES.COM');
INSERT INTO AZIENDA (P_IVA_CLIENTE, ID_CLIENTE, NOME_AZIENDA, DATA_FONDAZIONE,  PEC) VALUES ('52822804809', 25, 'RATKE, MAYER AND LANGOSH', TO_DATE('05/1960', 'MM/YYYY'), 'KSHIMON4@YOUKU.COM');
INSERT INTO AZIENDA (P_IVA_CLIENTE, ID_CLIENTE, NOME_AZIENDA, DATA_FONDAZIONE,  PEC) VALUES ('43907967008', 26, 'WUNSCH, HESSEL AND BECKER', TO_DATE('06/1960', 'MM/YYYY'), 'PBIDDISS5@RAKUTEN.CO.JP');
INSERT INTO AZIENDA (P_IVA_CLIENTE, ID_CLIENTE, NOME_AZIENDA, DATA_FONDAZIONE,  PEC) VALUES ('22093128651', 27, 'FEENEY AND FAHEY',  TO_DATE('07/1960', 'MM/YYYY'), 'MCHENNELLS6@ILLINOIS.EDU');
INSERT INTO AZIENDA (P_IVA_CLIENTE, ID_CLIENTE, NOME_AZIENDA, DATA_FONDAZIONE,  PEC) VALUES ('36601290486', 28, 'VON, WEHNER AND TREUTEL', TO_DATE('08/1960', 'MM/YYYY'), 'DKIMMINGS7@PHP.NET');
INSERT INTO AZIENDA (P_IVA_CLIENTE, ID_CLIENTE, NOME_AZIENDA, DATA_FONDAZIONE,  PEC) VALUES ('91207592118', 29, 'PRICE LLC', TO_DATE('09/1960', 'MM/YYYY'), 'SCOWGIL8@DOMAINMARKET.COM');
INSERT INTO AZIENDA (P_IVA_CLIENTE, ID_CLIENTE, NOME_AZIENDA, DATA_FONDAZIONE,  PEC) VALUES ('12926053277', 30, 'MCCLURE AND CONNELLY', TO_DATE('10/1960', 'MM/YYYY'), 'LBULLANT9@NBCNEWS.COM');
INSERT INTO AZIENDA (P_IVA_CLIENTE, ID_CLIENTE, NOME_AZIENDA, DATA_FONDAZIONE,  PEC) VALUES ('42466550280', 31, 'SATTERFIELD AND SONS', TO_DATE('11/1960', 'MM/YYYY'), 'HJAYEA@GOOGLE.CA');
INSERT INTO AZIENDA (P_IVA_CLIENTE, ID_CLIENTE, NOME_AZIENDA, DATA_FONDAZIONE,  PEC) VALUES ('25212408818', 32, 'REMPEL AND WINTHEISER', TO_DATE('12/1960', 'MM/YYYY'), 'AKINGSNORTHB@YELP.COM');
INSERT INTO AZIENDA (P_IVA_CLIENTE, ID_CLIENTE, NOME_AZIENDA, DATA_FONDAZIONE,  PEC) VALUES ('48948857960', 33, 'JACOBI-JONES', TO_DATE('11/1961', 'MM/YYYY'), 'HDOGGRELLC@REDDIT.COM');
INSERT INTO AZIENDA (P_IVA_CLIENTE, ID_CLIENTE, NOME_AZIENDA, DATA_FONDAZIONE,  PEC) VALUES ('17905940701', 34, 'BREKKE-WUNSCH', TO_DATE('10/1961', 'MM/YYYY'), 'MMARGRIED@MSU.EDU');
INSERT INTO AZIENDA (P_IVA_CLIENTE, ID_CLIENTE, NOME_AZIENDA, DATA_FONDAZIONE,  PEC) VALUES ('16152436560', 35, 'WILLMS AND LEHNER', TO_DATE('09/1962', 'MM/YYYY'), 'MDERMOTTE@YELLOWPAGES.COM');
INSERT INTO AZIENDA (P_IVA_CLIENTE, ID_CLIENTE, NOME_AZIENDA, DATA_FONDAZIONE,  PEC) VALUES ('17291844635', 36, 'STOKES, SENGER AND MRAZ', TO_DATE('08/1965', 'MM/YYYY'), 'MLETSONF@YELLOWBOOK.COM');
INSERT INTO AZIENDA (P_IVA_CLIENTE, ID_CLIENTE, NOME_AZIENDA, DATA_FONDAZIONE,  PEC) VALUES ('30745243095', 37, 'GRANT LLC', TO_DATE('07/1972', 'MM/YYYY'), 'CBLIGHG@NBCNEWS.COM');
INSERT INTO AZIENDA (P_IVA_CLIENTE, ID_CLIENTE, NOME_AZIENDA, DATA_FONDAZIONE,  PEC) VALUES ('24056809541', 38, 'MERTZ-HILLS', TO_DATE('06/1980', 'MM/YYYY'), 'BHOBLEH@KICKSTARTER.COM');
INSERT INTO AZIENDA (P_IVA_CLIENTE, ID_CLIENTE, NOME_AZIENDA, DATA_FONDAZIONE,  PEC) VALUES ('31789336587', 39, 'ARMSTRONG AND SONS', TO_DATE('05/1992', 'MM/YYYY'), 'SPECKHAMI@GOOGLE.COM.HK');
INSERT INTO AZIENDA (P_IVA_CLIENTE, ID_CLIENTE, NOME_AZIENDA, DATA_FONDAZIONE,  PEC) VALUES ('44936197739', 40, 'WILDERMAN AND SONS', TO_DATE('04/2000', 'MM/YYYY'), 'GCRISTOFOLOJ@GODADDY.COM');



--POPOLAMENTO CARTA
INSERT INTO CARTA (NUM_CARTA, ID_CLIENTE, DATA_SCADENZA_CARTA, TIPO_CARTA) VALUES ('3578417140339096', 1, TO_DATE('04/2026', 'MM/YYYY'), 'JCB');
INSERT INTO CARTA (NUM_CARTA, ID_CLIENTE, DATA_SCADENZA_CARTA, TIPO_CARTA) VALUES ('3572352571916888', 2, TO_DATE('01/2026', 'MM/YYYY'), 'JCB');
INSERT INTO CARTA (NUM_CARTA, ID_CLIENTE, DATA_SCADENZA_CARTA, TIPO_CARTA) VALUES ('6372188917032393', 3, TO_DATE('04/2023', 'MM/YYYY'), 'INSTAPAYMENT');
INSERT INTO CARTA (NUM_CARTA, ID_CLIENTE, DATA_SCADENZA_CARTA, TIPO_CARTA) VALUES ('6771291225012839', 4, TO_DATE('01/2023', 'MM/YYYY'), 'LASER');
INSERT INTO CARTA (NUM_CARTA, ID_CLIENTE, DATA_SCADENZA_CARTA, TIPO_CARTA) VALUES ('3539224059188839', 5, TO_DATE('12/2023', 'MM/YYYY'), 'JCB');
INSERT INTO CARTA (NUM_CARTA, ID_CLIENTE, DATA_SCADENZA_CARTA, TIPO_CARTA) VALUES ('5243860739941964', 6, TO_DATE('10/2024', 'MM/YYYY'), 'MASTERCARD');
INSERT INTO CARTA (NUM_CARTA, ID_CLIENTE, DATA_SCADENZA_CARTA, TIPO_CARTA) VALUES ('201568907846342', 7, TO_DATE('11/2026', 'MM/YYYY'), 'DINERS-CLUB-ENROUTE');
INSERT INTO CARTA (NUM_CARTA, ID_CLIENTE, DATA_SCADENZA_CARTA, TIPO_CARTA) VALUES ('4291166280139295', 8, TO_DATE('01/2023', 'MM/YYYY'), 'VISA');
INSERT INTO CARTA (NUM_CARTA, ID_CLIENTE, DATA_SCADENZA_CARTA, TIPO_CARTA) VALUES ('5472945450345669', 9, TO_DATE('01/2023', 'MM/YYYY'), 'DINERS-CLUB-US-CA');
INSERT INTO CARTA (NUM_CARTA, ID_CLIENTE, DATA_SCADENZA_CARTA, TIPO_CARTA) VALUES ('3576901944204657', 10, TO_DATE('02/2027', 'MM/YYYY'), 'JCB');
INSERT INTO CARTA (NUM_CARTA, ID_CLIENTE, DATA_SCADENZA_CARTA, TIPO_CARTA) VALUES ('3571772154053026', 11, TO_DATE('01/2027', 'MM/YYYY'), 'JCB');
INSERT INTO CARTA (NUM_CARTA, ID_CLIENTE, DATA_SCADENZA_CARTA, TIPO_CARTA) VALUES ('5602247090871987', 12, TO_DATE('10/2023', 'MM/YYYY'), 'BANKCARD');
INSERT INTO CARTA (NUM_CARTA, ID_CLIENTE, DATA_SCADENZA_CARTA, TIPO_CARTA) VALUES ('3586830659550541', 13, TO_DATE('07/2024', 'MM/YYYY'), 'JCB');
INSERT INTO CARTA (NUM_CARTA, ID_CLIENTE, DATA_SCADENZA_CARTA, TIPO_CARTA) VALUES ('5415816566391915', 14, TO_DATE('03/2023', 'MM/YYYY'), 'MASTERCARD');
INSERT INTO CARTA (NUM_CARTA, ID_CLIENTE, DATA_SCADENZA_CARTA, TIPO_CARTA) VALUES ('633450997915081491', 15, TO_DATE('03/2026', 'MM/YYYY'), 'SOLO');
INSERT INTO CARTA (NUM_CARTA, ID_CLIENTE, DATA_SCADENZA_CARTA, TIPO_CARTA) VALUES ('3557583092206594', 16, TO_DATE('12/2026', 'MM/YYYY'), 'JCB');
INSERT INTO CARTA (NUM_CARTA, ID_CLIENTE, DATA_SCADENZA_CARTA, TIPO_CARTA) VALUES ('3554561872375626', 17, TO_DATE('11/2022', 'MM/YYYY'), 'JCB');
INSERT INTO CARTA (NUM_CARTA, ID_CLIENTE, DATA_SCADENZA_CARTA, TIPO_CARTA) VALUES ('344753589666949', 18, TO_DATE('03/2023', 'MM/YYYY'), 'AMERICANEXPRESS');
INSERT INTO CARTA (NUM_CARTA, ID_CLIENTE, DATA_SCADENZA_CARTA, TIPO_CARTA) VALUES ('4844130674586448', 19, TO_DATE('07/2023', 'MM/YYYY'), 'VISA-ELECTRON');
INSERT INTO CARTA (NUM_CARTA, ID_CLIENTE, DATA_SCADENZA_CARTA, TIPO_CARTA) VALUES ('3580413143403126', 20, TO_DATE('07/2024', 'MM/YYYY'), 'JCB');
INSERT INTO CARTA (NUM_CARTA, ID_CLIENTE, DATA_SCADENZA_CARTA, TIPO_CARTA) VALUES ('3541860768952373', 21, TO_DATE('10/2024', 'MM/YYYY'), 'JCB');
INSERT INTO CARTA (NUM_CARTA, ID_CLIENTE, DATA_SCADENZA_CARTA, TIPO_CARTA) VALUES ('3537648186815207', 22, TO_DATE('06/2025', 'MM/YYYY'), 'JCB');
INSERT INTO CARTA (NUM_CARTA, ID_CLIENTE, DATA_SCADENZA_CARTA, TIPO_CARTA) VALUES ('3556303245282686', 23, TO_DATE('08/2024', 'MM/YYYY'), 'JCB');
INSERT INTO CARTA (NUM_CARTA, ID_CLIENTE, DATA_SCADENZA_CARTA, TIPO_CARTA) VALUES ('3571250772273292', 24, TO_DATE('01/2025', 'MM/YYYY'), 'JCB');
INSERT INTO CARTA (NUM_CARTA, ID_CLIENTE, DATA_SCADENZA_CARTA, TIPO_CARTA) VALUES ('5108751123866947', 25, TO_DATE('09/2022', 'MM/YYYY'), 'MASTERCARD');
INSERT INTO CARTA (NUM_CARTA, ID_CLIENTE, DATA_SCADENZA_CARTA, TIPO_CARTA) VALUES ('6389048821274229', 26, TO_DATE('09/2026', 'MM/YYYY'), 'INSTAPAYMENT');
INSERT INTO CARTA (NUM_CARTA, ID_CLIENTE, DATA_SCADENZA_CARTA, TIPO_CARTA) VALUES ('201523816380669', 27, TO_DATE('05/2026', 'MM/YYYY'), 'DINERS-CLUB-ENROUTE');
INSERT INTO CARTA (NUM_CARTA, ID_CLIENTE, DATA_SCADENZA_CARTA, TIPO_CARTA) VALUES ('3559757508768714', 28, TO_DATE('09/2026', 'MM/YYYY'), 'JCB');
INSERT INTO CARTA (NUM_CARTA, ID_CLIENTE, DATA_SCADENZA_CARTA, TIPO_CARTA) VALUES ('3589484047185763', 29, TO_DATE('03/2026', 'MM/YYYY'), 'JCB');
INSERT INTO CARTA (NUM_CARTA, ID_CLIENTE, DATA_SCADENZA_CARTA, TIPO_CARTA) VALUES ('3537814056005648', 30, TO_DATE('06/2026', 'MM/YYYY'), 'JCB');
INSERT INTO CARTA (NUM_CARTA, ID_CLIENTE, DATA_SCADENZA_CARTA, TIPO_CARTA) VALUES ('4911488310713458709', 31, TO_DATE('11/2025', 'MM/YYYY'), 'SWITCH');
INSERT INTO CARTA (NUM_CARTA, ID_CLIENTE, DATA_SCADENZA_CARTA, TIPO_CARTA) VALUES ('201719780883981', 32, TO_DATE('12/2024', 'MM/YYYY'), 'DINERS-CLUB-ENROUTE');
INSERT INTO CARTA (NUM_CARTA, ID_CLIENTE, DATA_SCADENZA_CARTA, TIPO_CARTA) VALUES ('5007666044106953', 33, TO_DATE('04/2026', 'MM/YYYY'), 'MASTERCARD');
INSERT INTO CARTA (NUM_CARTA, ID_CLIENTE, DATA_SCADENZA_CARTA, TIPO_CARTA) VALUES ('201857484528716', 34, TO_DATE('05/2024', 'MM/YYYY'), 'DINERS-CLUB-ENROUTE');
INSERT INTO CARTA (NUM_CARTA, ID_CLIENTE, DATA_SCADENZA_CARTA, TIPO_CARTA) VALUES ('3541221947822294', 35, TO_DATE('07/2026', 'MM/YYYY'), 'JCB');
INSERT INTO CARTA (NUM_CARTA, ID_CLIENTE, DATA_SCADENZA_CARTA, TIPO_CARTA) VALUES ('3573390032619088', 36, TO_DATE('10/2022', 'MM/YYYY'), 'JCB');
INSERT INTO CARTA (NUM_CARTA, ID_CLIENTE, DATA_SCADENZA_CARTA, TIPO_CARTA) VALUES ('3566160490154608', 37, TO_DATE('08/2026', 'MM/YYYY'), 'JCB');
INSERT INTO CARTA (NUM_CARTA, ID_CLIENTE, DATA_SCADENZA_CARTA, TIPO_CARTA) VALUES ('4905759257176160526', 38, TO_DATE('08/2023', 'MM/YYYY'), 'SWITCH');
INSERT INTO CARTA (NUM_CARTA, ID_CLIENTE, DATA_SCADENZA_CARTA, TIPO_CARTA) VALUES ('5108753326765009', 39, TO_DATE('08/2026', 'MM/YYYY'), 'MASTERCARD');
INSERT INTO CARTA (NUM_CARTA, ID_CLIENTE, DATA_SCADENZA_CARTA, TIPO_CARTA) VALUES ('201937308582337', 40, TO_DATE('10/2023', 'MM/YYYY'), 'DINERS-CLUB-ENROUTE');



--POPOLAMENTO PRODOTTO
INSERT INTO PRODOTTO (COD_A_BARRE, SKU, ID_CLIENTE, MARCA, TIPO, MODELLO) VALUES ('2123068136948','SP7875' , 14, 'NIKE', 'JORDAN', 'SCARPE');
INSERT INTO PRODOTTO (COD_A_BARRE, SKU, ID_CLIENTE, MARCA, TIPO, MODELLO) VALUES ('1147146288144','SP7876' , 29, 'PUMA', 'LIGA SIDELINE WOVEN', 'PANTALONI');
INSERT INTO PRODOTTO (COD_A_BARRE, SKU, ID_CLIENTE, MARCA, TIPO, MODELLO) VALUES ('4591770060213','SP7877' , 38, 'LEVIS', 'ORIGINAL HM', 'T-SHIRT');
INSERT INTO PRODOTTO (COD_A_BARRE, SKU, ID_CLIENTE, MARCA, TIPO, MODELLO) VALUES ('4868170438643','TR87680' , 4, 'DASH', 'LIQUIDO', 'NUOVA FORMULA');
INSERT INTO PRODOTTO (COD_A_BARRE, SKU, ID_CLIENTE, MARCA, TIPO, MODELLO) VALUES ('2453291606504','TR87681' , 31, 'VILEDA', 'GUANTI', 'DERMO PLUS');
INSERT INTO PRODOTTO (COD_A_BARRE, SKU, ID_CLIENTE, MARCA, TIPO, MODELLO) VALUES ('4389952512077','MK676554' , 1, 'OWNGROWN', 'SEMI DI ERBE', 'KIT');
INSERT INTO PRODOTTO (COD_A_BARRE, SKU, ID_CLIENTE, MARCA, TIPO, MODELLO) VALUES ('4389952512078','MK676555' , 32, 'ALPINA', 'ELETTRICO', 'TAGLIO 3 POSIZIONI');
INSERT INTO PRODOTTO (COD_A_BARRE, SKU, ID_CLIENTE, MARCA, TIPO, MODELLO) VALUES ('2535090470044','MK676556' , 24, 'CIMMINO', 'ANTIPIOGGIA_PVC', 'GAZEBO');
INSERT INTO PRODOTTO (COD_A_BARRE, SKU, ID_CLIENTE, MARCA, TIPO, MODELLO) VALUES ('3411699099567','YE98767' , 23, 'XINYUN', 'MONTACARICHI', 'ELETTRICO 220V');
INSERT INTO PRODOTTO (COD_A_BARRE, SKU, ID_CLIENTE, MARCA, TIPO, MODELLO) VALUES ('4697555199203','YE98768' , 32, 'U POWER', 'REPTILE RS S3 SRC - T', 'ANTIFORTUNISTICO');
INSERT INTO PRODOTTO (COD_A_BARRE, SKU, ID_CLIENTE, MARCA, TIPO, MODELLO) VALUES ('4972669961078','XR23423' , 18, 'STANLEY', 'CASSETTIERA', '39 SCOMPARTI');
INSERT INTO PRODOTTO (COD_A_BARRE, SKU, ID_CLIENTE, MARCA, TIPO, MODELLO) VALUES ('3386782315796','XR23424' , 16, 'GOLDGE', 'BASTONCINI', 'CRAFT KIT');
INSERT INTO PRODOTTO (COD_A_BARRE, SKU, ID_CLIENTE, MARCA, TIPO, MODELLO) VALUES ('3450673484012','XR23425' , 11, 'BENECREAT', 'FILO', 'ALLUMINIO');
INSERT INTO PRODOTTO (COD_A_BARRE, SKU, ID_CLIENTE, MARCA, TIPO, MODELLO) VALUES ('4345996248300','PW98762' , 10, 'BIC', 'MEDIUM', 'PENNA');
INSERT INTO PRODOTTO (COD_A_BARRE, SKU, ID_CLIENTE, MARCA, TIPO, MODELLO) VALUES ('4672191910276','PW98763' , 25, 'STAEDTLER', 'PUNTA SOTTILE', 'EVIDENZIATORE');
INSERT INTO PRODOTTO (COD_A_BARRE, SKU, ID_CLIENTE, MARCA, TIPO, MODELLO) VALUES ('2496579567215','PW98764' , 35, 'PIGNA', 'QUADERNO A4', 'MONOCROMO');
INSERT INTO PRODOTTO (COD_A_BARRE, SKU, ID_CLIENTE, MARCA, TIPO, MODELLO) VALUES ('4053932021299','BM87684' , 5, 'MONSTER', 'ENERGY', 'LATTINA');
INSERT INTO PRODOTTO (COD_A_BARRE, SKU, ID_CLIENTE, MARCA, TIPO, MODELLO) VALUES ('3525179531881','BM87684' , 20, 'LETE', 'MINERALE', 'BOTTIGLIA 1.5L');
INSERT INTO PRODOTTO (COD_A_BARRE, SKU, ID_CLIENTE, MARCA, TIPO, MODELLO) VALUES ('3676593253425','BH67655' , 28, 'LEONE', 'SINTETICO', 'GUANTI ALLENAMENTO');
INSERT INTO PRODOTTO (COD_A_BARRE, SKU, ID_CLIENTE, MARCA, TIPO, MODELLO) VALUES ('2105219111625','BH67656' , 13, 'ACTIVEWEIGHT', 'REGOLABILE 90 GRADI', 'PANCA PEGHEVOLE');
INSERT INTO PRODOTTO (COD_A_BARRE, SKU, ID_CLIENTE, MARCA, TIPO, MODELLO) VALUES ('2122334447897','BH67657' , 39, 'TUCO SPORT', 'A PUZZLE', 'TAPPETO FITNESS');
INSERT INTO PRODOTTO (COD_A_BARRE, SKU, ID_CLIENTE, MARCA, TIPO, MODELLO) VALUES ('3876509887063','WT98768' , 8, 'CORA', 'LIQUIDO ANTIGELO', 'RADIATORI');
INSERT INTO PRODOTTO (COD_A_BARRE, SKU, ID_CLIENTE, MARCA, TIPO, MODELLO) VALUES ('3920590301320','WT98769' , 33, 'AREXONS', 'OLIO MOTORE', '15W40');
INSERT INTO PRODOTTO (COD_A_BARRE, SKU, ID_CLIENTE, MARCA, TIPO, MODELLO) VALUES ('2343214964094','WT98770' , 37, 'URAQT', 'PARASOLE AUTO', 'CONTRO RAGGI UV');
INSERT INTO PRODOTTO (COD_A_BARRE, SKU, ID_CLIENTE, MARCA, TIPO, MODELLO) VALUES ('3732118429645','TS3456' , 9, 'CIMMINO', 'ANTIPIOGGIA_PVC', 'VERANDA');
INSERT INTO PRODOTTO (COD_A_BARRE, SKU, ID_CLIENTE, MARCA, TIPO, MODELLO) VALUES ('2432017565892','TS3457' , 3, 'EMICA', 'APERTURA 130°', 'FINESTRA DA TETTO');
INSERT INTO PRODOTTO (COD_A_BARRE, SKU, ID_CLIENTE, MARCA, TIPO, MODELLO) VALUES ('3095576964447','TS3458' , 26, 'BENECREAT', 'SCAFFALE', 'ALLUMINIO');
INSERT INTO PRODOTTO (COD_A_BARRE, SKU, ID_CLIENTE, MARCA, TIPO, MODELLO) VALUES ('4131216097752','WDG123' , 21, 'QUECHUA', 'BORRACCIA', '1 LITRO');
INSERT INTO PRODOTTO (COD_A_BARRE, SKU, ID_CLIENTE, MARCA, TIPO, MODELLO) VALUES ('4497620225271','WDG124' , 6, 'QUECHUA', 'POP_UP', 'TENDA');
INSERT INTO PRODOTTO (COD_A_BARRE, SKU, ID_CLIENTE, MARCA, TIPO, MODELLO) VALUES ('4387786510498','WDG125' , 36, 'LEELBOX', 'SOLARE, USB, RICARICABILE', 'LED LAMPADA');
INSERT INTO PRODOTTO (COD_A_BARRE, SKU, ID_CLIENTE, MARCA, TIPO, MODELLO) VALUES ('4526496990298','YY1234' , 2, 'SAMSUNG', 'TV', 'MONITOR');
INSERT INTO PRODOTTO (COD_A_BARRE, SKU, ID_CLIENTE, MARCA, TIPO, MODELLO) VALUES ('4718917495224','YY1235' , 17, 'DURACELL ', 'PLUS AAA', 'PILA');
INSERT INTO PRODOTTO (COD_A_BARRE, SKU, ID_CLIENTE, MARCA, TIPO, MODELLO) VALUES ('1748603249149','YY1236' , 40, 'VIRMI', 'A STAGNO', 'REGOLABILE 60W 220V');
INSERT INTO PRODOTTO (COD_A_BARRE, SKU, ID_CLIENTE, MARCA, TIPO, MODELLO) VALUES ('2897781414165','XM5438' , 12, 'FEANDREA', 'RIALZATO', 'CUCCIA');
INSERT INTO PRODOTTO (COD_A_BARRE, SKU, ID_CLIENTE, MARCA, TIPO, MODELLO) VALUES ('1663337118626','XM5439' , 27, 'JOYELF', 'MEMORY', 'CASETTA');
INSERT INTO PRODOTTO (COD_A_BARRE, SKU, ID_CLIENTE, MARCA, TIPO, MODELLO) VALUES ('2233864576192','MYUO976' , 7, 'GIBSON', 'SG', 'CHITARRA ELETTRICA');
INSERT INTO PRODOTTO (COD_A_BARRE, SKU, ID_CLIENTE, MARCA, TIPO, MODELLO) VALUES ('3165561969805','MYUO977' , 22, 'FENDER', 'AMERICAN ORIGINAL 60S', 'BASSO ELETTRICO');
INSERT INTO PRODOTTO (COD_A_BARRE, SKU, ID_CLIENTE, MARCA, TIPO, MODELLO) VALUES ('4731744297347','MYUO978' , 34, 'FORENZA', 'F1151A', 'VIOLINO MISURA 4/4');
INSERT INTO PRODOTTO (COD_A_BARRE, SKU, ID_CLIENTE, MARCA, TIPO, MODELLO) VALUES ('4545067061337','2SNIVUKEN' , 30, 'WEILY', 'LED', 'STRISCIA 10M');
INSERT INTO PRODOTTO (COD_A_BARRE, SKU, ID_CLIENTE, MARCA, TIPO, MODELLO) VALUES ('1852312870743','2SNIVUKEM' , 15, 'SLATOR', 'LED', 'LAMPADA');



--POPOLAMENTO FATTURA
INSERT INTO FATTURA (NUM_FATTURA, DESCRIZIONE_FATTURA, DESTINATARIO, QUANTITA_FATT, PREZZO_EURO, TIPO_CLIENTE, PERCENTUALE_SCONTO) VALUES (534, 'NIKE JORDAN SCARPE'            ,   'LUTHER SHELLUM'                , 57,  570 , '2' ,  0  );
INSERT INTO FATTURA (NUM_FATTURA, DESCRIZIONE_FATTURA, DESTINATARIO, QUANTITA_FATT, PREZZO_EURO, TIPO_CLIENTE, PERCENTUALE_SCONTO) VALUES (506, 'PUMA LIGA SID PANTALONI'       ,   'MAYNARD YOSKOWITZ'             , 10,  403 , '2' ,  0  );
INSERT INTO FATTURA (NUM_FATTURA, DESCRIZIONE_FATTURA, DESTINATARIO, QUANTITA_FATT, PREZZO_EURO, TIPO_CLIENTE, PERCENTUALE_SCONTO) VALUES (442, 'LEVIS ORIGINAL HM T-SHIRT'     ,   'DARRELLE OLOHAN'               , 38,  694 , '2' ,  0  );
INSERT INTO FATTURA (NUM_FATTURA, DESCRIZIONE_FATTURA, DESTINATARIO, QUANTITA_FATT, PREZZO_EURO, TIPO_CLIENTE, PERCENTUALE_SCONTO) VALUES (158, 'DASH LIQUID NUOVA FORMULA'     ,   'NEDA PATTULLO'                 , 12,  333 , '2' ,  0  );
INSERT INTO FATTURA (NUM_FATTURA, DESCRIZIONE_FATTURA, DESTINATARIO, QUANTITA_FATT, PREZZO_EURO, TIPO_CLIENTE, PERCENTUALE_SCONTO) VALUES (248, 'VILEDA GUANTI DERMO PLUS'      ,   'WOODMAN MADDAMS'               , 3 ,  688 , '2' ,  0  );
INSERT INTO FATTURA (NUM_FATTURA, DESCRIZIONE_FATTURA, DESTINATARIO, QUANTITA_FATT, PREZZO_EURO, TIPO_CLIENTE, PERCENTUALE_SCONTO) VALUES (686, 'OWNGROWN SEMI DI ERBE KIT'     ,   'SHELL SILVERSMIDT'             , 71,  513 , '2' ,  0  );
INSERT INTO FATTURA (NUM_FATTURA, DESCRIZIONE_FATTURA, DESTINATARIO, QUANTITA_FATT, PREZZO_EURO, TIPO_CLIENTE, PERCENTUALE_SCONTO) VALUES (780, 'ALPINA 3 POSIZIONI'            ,   'HELENKA PETROLLO'              , 71,  415 , '2' ,  0  );
INSERT INTO FATTURA (NUM_FATTURA, DESCRIZIONE_FATTURA, DESTINATARIO, QUANTITA_FATT, PREZZO_EURO, TIPO_CLIENTE, PERCENTUALE_SCONTO) VALUES (10 , 'ANTIPIOGGIA GAZEBO'            ,   'JAYSON MCGUINEY'               , 25,  529 , '2' ,  0  );
INSERT INTO FATTURA (NUM_FATTURA, DESCRIZIONE_FATTURA, DESTINATARIO, QUANTITA_FATT, PREZZO_EURO, TIPO_CLIENTE, PERCENTUALE_SCONTO) VALUES (128, 'XINYUN MONTACARICHI 220V'      ,   'LILIAS BEEBLE'                 , 73,  558 , '2' ,  0  );
INSERT INTO FATTURA (NUM_FATTURA, DESCRIZIONE_FATTURA, DESTINATARIO, QUANTITA_FATT, PREZZO_EURO, TIPO_CLIENTE, PERCENTUALE_SCONTO) VALUES (977, 'U POWER ANTIFORTUNISTICO'      ,   'KATLEEN JAGOE'                 , 48,  155 , '2' ,  0  );
INSERT INTO FATTURA (NUM_FATTURA, DESCRIZIONE_FATTURA, DESTINATARIO, QUANTITA_FATT, PREZZO_EURO, TIPO_CLIENTE, PERCENTUALE_SCONTO) VALUES (873, 'STANLEY CASSETTIERA'           ,   'CATHY SHAY'                    , 16,  555 , '2' ,  0  );
INSERT INTO FATTURA (NUM_FATTURA, DESCRIZIONE_FATTURA, DESTINATARIO, QUANTITA_FATT, PREZZO_EURO, TIPO_CLIENTE, PERCENTUALE_SCONTO) VALUES (706, 'GOLDGE BASTONCINI KIT'         ,   'OLWEN CACCAVELLA'              , 60,  459 , '2' ,  0  );
INSERT INTO FATTURA (NUM_FATTURA, DESCRIZIONE_FATTURA, DESTINATARIO, QUANTITA_FATT, PREZZO_EURO, TIPO_CLIENTE, PERCENTUALE_SCONTO) VALUES (724, 'BENECREAT FILO ALLUMINIO'      ,   'BARTY NICKOLLS'                , 80,  300 , '2' ,  0  );
INSERT INTO FATTURA (NUM_FATTURA, DESCRIZIONE_FATTURA, DESTINATARIO, QUANTITA_FATT, PREZZO_EURO, TIPO_CLIENTE, PERCENTUALE_SCONTO) VALUES (999, 'BIC MEDIUM PENNA'              ,   'MARCELLO MUNNIS'               , 52,  480 , '2' ,  0  );
INSERT INTO FATTURA (NUM_FATTURA, DESCRIZIONE_FATTURA, DESTINATARIO, QUANTITA_FATT, PREZZO_EURO, TIPO_CLIENTE, PERCENTUALE_SCONTO) VALUES (875, 'STAEDTLER EVIDENZIATORE'       ,   'SIDONNIE IVASHEV'              , 42,  549 , '2' ,  0  );
INSERT INTO FATTURA (NUM_FATTURA, DESCRIZIONE_FATTURA, DESTINATARIO, QUANTITA_FATT, PREZZO_EURO, TIPO_CLIENTE, PERCENTUALE_SCONTO) VALUES (693, 'PIGNA QUADERNO MONOCROMO'      ,   'NOMI HASTE'                    , 61,  124 , '2' ,  0  );
INSERT INTO FATTURA (NUM_FATTURA, DESCRIZIONE_FATTURA, DESTINATARIO, QUANTITA_FATT, PREZZO_EURO, TIPO_CLIENTE, PERCENTUALE_SCONTO) VALUES (895, 'MONSTER ENERGY LATTINA'        ,   'JANY DODS'                     , 67,  812 , '2' ,  0  );
INSERT INTO FATTURA (NUM_FATTURA, DESCRIZIONE_FATTURA, DESTINATARIO, QUANTITA_FATT, PREZZO_EURO, TIPO_CLIENTE, PERCENTUALE_SCONTO) VALUES (700, 'LETE MINERALE 1.5L'            ,   'CORLY MCGILBON'                , 79,  526 , '2' ,  0  );
INSERT INTO FATTURA (NUM_FATTURA, DESCRIZIONE_FATTURA, DESTINATARIO, QUANTITA_FATT, PREZZO_EURO, TIPO_CLIENTE, PERCENTUALE_SCONTO) VALUES (435, 'LEONE SINTETICO GUANTI'        ,   'AAREN CAWTHORN'                , 17,  922 , '2' ,  0  );
INSERT INTO FATTURA (NUM_FATTURA, DESCRIZIONE_FATTURA, DESTINATARIO, QUANTITA_FATT, PREZZO_EURO, TIPO_CLIENTE, PERCENTUALE_SCONTO) VALUES (364, 'ACTIVEWEIGHT PANCA'            ,   'TEMP PANNER'                   , 72,  287 , '2' ,  0  );
INSERT INTO FATTURA (NUM_FATTURA, DESCRIZIONE_FATTURA, DESTINATARIO, QUANTITA_FATT, PREZZO_EURO, TIPO_CLIENTE, PERCENTUALE_SCONTO) VALUES (108, 'TUCO SPORT TAPPETO FIT'        ,    'KOVACEK, HYATT AND WEHNER'    , 10,  530 , '1' ,  32 );
INSERT INTO FATTURA (NUM_FATTURA, DESCRIZIONE_FATTURA, DESTINATARIO, QUANTITA_FATT, PREZZO_EURO, TIPO_CLIENTE, PERCENTUALE_SCONTO) VALUES (312, 'CORA LIQUIDO ANTIGELO'         ,    'MONAHAN AND FEENEY'           , 72,  948 , '1' ,  16 );
INSERT INTO FATTURA (NUM_FATTURA, DESCRIZIONE_FATTURA, DESTINATARIO, QUANTITA_FATT, PREZZO_EURO, TIPO_CLIENTE, PERCENTUALE_SCONTO) VALUES (285, 'AREXONS OLIO MOTORE 15W40'     ,    'WIZA GROUP'                   , 65,  381 , '1' ,  16 );
INSERT INTO FATTURA (NUM_FATTURA, DESCRIZIONE_FATTURA, DESTINATARIO, QUANTITA_FATT, PREZZO_EURO, TIPO_CLIENTE, PERCENTUALE_SCONTO) VALUES (577, 'URAQT PARASOLE AUTO'           ,    'BECKER-SCHIMMEL'              , 90 ,  582 , '1' , 11 );
INSERT INTO FATTURA (NUM_FATTURA, DESCRIZIONE_FATTURA, DESTINATARIO, QUANTITA_FATT, PREZZO_EURO, TIPO_CLIENTE, PERCENTUALE_SCONTO) VALUES (71 , 'CIMMINO VERANDA'               ,    'RATKE, MAYER AND LANGOSH'     , 78,  540 , '1' ,  29 );
INSERT INTO FATTURA (NUM_FATTURA, DESCRIZIONE_FATTURA, DESTINATARIO, QUANTITA_FATT, PREZZO_EURO, TIPO_CLIENTE, PERCENTUALE_SCONTO) VALUES (956, 'EMICA FINESTRA DA TETTO'       ,    'WUNSCH, HESSEL AND BECKER'    , 23,  792 , '1' ,  16 );
INSERT INTO FATTURA (NUM_FATTURA, DESCRIZIONE_FATTURA, DESTINATARIO, QUANTITA_FATT, PREZZO_EURO, TIPO_CLIENTE, PERCENTUALE_SCONTO) VALUES (36 , 'BENECREAT SCAFFALE'            ,    'FEENEY AND FAHEY'             , 16,  649 , '1' ,  11 );
INSERT INTO FATTURA (NUM_FATTURA, DESCRIZIONE_FATTURA, DESTINATARIO, QUANTITA_FATT, PREZZO_EURO, TIPO_CLIENTE, PERCENTUALE_SCONTO) VALUES (962, 'QUECHUA BORRACCIA 1 LITRO'     ,    'VON, WEHNER AND TREUTEL'      , 22,  814 , '1' ,  20 );
INSERT INTO FATTURA (NUM_FATTURA, DESCRIZIONE_FATTURA, DESTINATARIO, QUANTITA_FATT, PREZZO_EURO, TIPO_CLIENTE, PERCENTUALE_SCONTO) VALUES (338, 'QUECHUA POP_UP TENDA'          ,    'PRICE LLC'                    , 19,  977 , '1' ,  33 );
INSERT INTO FATTURA (NUM_FATTURA, DESCRIZIONE_FATTURA, DESTINATARIO, QUANTITA_FATT, PREZZO_EURO, TIPO_CLIENTE, PERCENTUALE_SCONTO) VALUES (651, 'LEELBOX LED LAMPADA'           ,    'MCCLURE AND CONNELLY'         , 30,  194 , '1' ,  30 );
INSERT INTO FATTURA (NUM_FATTURA, DESCRIZIONE_FATTURA, DESTINATARIO, QUANTITA_FATT, PREZZO_EURO, TIPO_CLIENTE, PERCENTUALE_SCONTO) VALUES (546, 'SAMSUNG TV MONITOR'            ,    'SATTERFIELD AND SONS'         , 68,  958 , '1' ,  2  );
INSERT INTO FATTURA (NUM_FATTURA, DESCRIZIONE_FATTURA, DESTINATARIO, QUANTITA_FATT, PREZZO_EURO, TIPO_CLIENTE, PERCENTUALE_SCONTO) VALUES (245, 'DURACELL PLUS AAA'             ,    'REMPEL AND WINTHEISER'        , 78,  558 , '1' ,  7  );
INSERT INTO FATTURA (NUM_FATTURA, DESCRIZIONE_FATTURA, DESTINATARIO, QUANTITA_FATT, PREZZO_EURO, TIPO_CLIENTE, PERCENTUALE_SCONTO) VALUES (704, 'VIRMI A STAGNO REGOLABILE'     ,    'JACOBI-JONES'                 , 56,  447 , '1' ,  11 );
INSERT INTO FATTURA (NUM_FATTURA, DESCRIZIONE_FATTURA, DESTINATARIO, QUANTITA_FATT, PREZZO_EURO, TIPO_CLIENTE, PERCENTUALE_SCONTO) VALUES (801, 'FEANDREA RIALZATO CUCCIA'      ,    'BREKKE-WUNSCH'                , 32,  861 , '1' ,  17 );
INSERT INTO FATTURA (NUM_FATTURA, DESCRIZIONE_FATTURA, DESTINATARIO, QUANTITA_FATT, PREZZO_EURO, TIPO_CLIENTE, PERCENTUALE_SCONTO) VALUES (592, 'JOYELF MEMORY CASETTA'         ,    'WILLMS AND LEHNER'            , 59,  829 , '1' ,  26 );
INSERT INTO FATTURA (NUM_FATTURA, DESCRIZIONE_FATTURA, DESTINATARIO, QUANTITA_FATT, PREZZO_EURO, TIPO_CLIENTE, PERCENTUALE_SCONTO) VALUES (938, 'GIBSON SG ELETTRICA'           ,    'STOKES, SENGER AND MRAZ'      , 61,  176 , '1' ,  2  );
INSERT INTO FATTURA (NUM_FATTURA, DESCRIZIONE_FATTURA, DESTINATARIO, QUANTITA_FATT, PREZZO_EURO, TIPO_CLIENTE, PERCENTUALE_SCONTO) VALUES (301, 'FENDER AMERICAN 60S'           ,    'GRANT LLC'                    , 56,  223 , '1' ,  23 );
INSERT INTO FATTURA (NUM_FATTURA, DESCRIZIONE_FATTURA, DESTINATARIO, QUANTITA_FATT, PREZZO_EURO, TIPO_CLIENTE, PERCENTUALE_SCONTO) VALUES (781, 'FORENZA F1151A VIOLINO'        ,    'MERTZ-HILLS'                  , 20,  586 , '1' ,  3  );
INSERT INTO FATTURA (NUM_FATTURA, DESCRIZIONE_FATTURA, DESTINATARIO, QUANTITA_FATT, PREZZO_EURO, TIPO_CLIENTE, PERCENTUALE_SCONTO) VALUES (410, 'WEILY LED STRISCIA 10M'        ,    'ARMSTRONG AND SONS'           , 28,  962 , '1' ,  6  );
INSERT INTO FATTURA (NUM_FATTURA, DESCRIZIONE_FATTURA, DESTINATARIO, QUANTITA_FATT, PREZZO_EURO, TIPO_CLIENTE, PERCENTUALE_SCONTO) VALUES (371, 'SLATOR LED LAMPADA'            ,    'WILDERMAN AND SONS'           , 86 ,  458 , '1' , 1  );



--POPOLAMENTO E_IN
INSERT INTO E_IN (COD_A_BARRE, NUM_FATTURA) VALUES ('2123068136948', 534); 
INSERT INTO E_IN (COD_A_BARRE, NUM_FATTURA) VALUES ('1147146288144', 506); 
INSERT INTO E_IN (COD_A_BARRE, NUM_FATTURA) VALUES ('4591770060213', 442); 
INSERT INTO E_IN (COD_A_BARRE, NUM_FATTURA) VALUES ('4868170438643', 158); 
INSERT INTO E_IN (COD_A_BARRE, NUM_FATTURA) VALUES ('2453291606504', 248); 
INSERT INTO E_IN (COD_A_BARRE, NUM_FATTURA) VALUES ('4389952512077', 686); 
INSERT INTO E_IN (COD_A_BARRE, NUM_FATTURA) VALUES ('4389952512078', 780); 
INSERT INTO E_IN (COD_A_BARRE, NUM_FATTURA) VALUES ('2535090470044', 10 ); 
INSERT INTO E_IN (COD_A_BARRE, NUM_FATTURA) VALUES ('3411699099567', 128); 
INSERT INTO E_IN (COD_A_BARRE, NUM_FATTURA) VALUES ('4697555199203', 977); 
INSERT INTO E_IN (COD_A_BARRE, NUM_FATTURA) VALUES ('4972669961078', 873); 
INSERT INTO E_IN (COD_A_BARRE, NUM_FATTURA) VALUES ('3386782315796', 706); 
INSERT INTO E_IN (COD_A_BARRE, NUM_FATTURA) VALUES ('3450673484012', 724); 
INSERT INTO E_IN (COD_A_BARRE, NUM_FATTURA) VALUES ('4345996248300', 999); 
INSERT INTO E_IN (COD_A_BARRE, NUM_FATTURA) VALUES ('4672191910276', 875); 
INSERT INTO E_IN (COD_A_BARRE, NUM_FATTURA) VALUES ('2496579567215', 693); 
INSERT INTO E_IN (COD_A_BARRE, NUM_FATTURA) VALUES ('4053932021299', 895); 
INSERT INTO E_IN (COD_A_BARRE, NUM_FATTURA) VALUES ('3525179531881', 700); 
INSERT INTO E_IN (COD_A_BARRE, NUM_FATTURA) VALUES ('3676593253425', 435); 
INSERT INTO E_IN (COD_A_BARRE, NUM_FATTURA) VALUES ('2105219111625', 364); 
INSERT INTO E_IN (COD_A_BARRE, NUM_FATTURA) VALUES ('2122334447897', 108); 
INSERT INTO E_IN (COD_A_BARRE, NUM_FATTURA) VALUES ('3876509887063', 312); 
INSERT INTO E_IN (COD_A_BARRE, NUM_FATTURA) VALUES ('3920590301320', 285); 
INSERT INTO E_IN (COD_A_BARRE, NUM_FATTURA) VALUES ('2343214964094', 577); 
INSERT INTO E_IN (COD_A_BARRE, NUM_FATTURA) VALUES ('3732118429645', 71 ); 
INSERT INTO E_IN (COD_A_BARRE, NUM_FATTURA) VALUES ('2432017565892', 956); 
INSERT INTO E_IN (COD_A_BARRE, NUM_FATTURA) VALUES ('3095576964447', 36 ); 
INSERT INTO E_IN (COD_A_BARRE, NUM_FATTURA) VALUES ('4131216097752', 962); 
INSERT INTO E_IN (COD_A_BARRE, NUM_FATTURA) VALUES ('4497620225271', 338); 
INSERT INTO E_IN (COD_A_BARRE, NUM_FATTURA) VALUES ('4387786510498', 651); 
INSERT INTO E_IN (COD_A_BARRE, NUM_FATTURA) VALUES ('4526496990298', 546); 
INSERT INTO E_IN (COD_A_BARRE, NUM_FATTURA) VALUES ('4718917495224', 245); 
INSERT INTO E_IN (COD_A_BARRE, NUM_FATTURA) VALUES ('1748603249149', 704); 
INSERT INTO E_IN (COD_A_BARRE, NUM_FATTURA) VALUES ('2897781414165', 801); 
INSERT INTO E_IN (COD_A_BARRE, NUM_FATTURA) VALUES ('1663337118626', 592); 
INSERT INTO E_IN (COD_A_BARRE, NUM_FATTURA) VALUES ('2233864576192', 938); 
INSERT INTO E_IN (COD_A_BARRE, NUM_FATTURA) VALUES ('3165561969805', 301); 
INSERT INTO E_IN (COD_A_BARRE, NUM_FATTURA) VALUES ('4731744297347', 781); 
INSERT INTO E_IN (COD_A_BARRE, NUM_FATTURA) VALUES ('4545067061337', 410); 
INSERT INTO E_IN (COD_A_BARRE, NUM_FATTURA) VALUES ('1852312870743', 371); 



--POPOLAMENTO REPARTO
INSERT INTO REPARTO (NUM_REPARTO, GENERE) VALUES (1 , 'ABBIGLIAMENTO');
INSERT INTO REPARTO (NUM_REPARTO, GENERE) VALUES (2 , 'CASALINGA');
INSERT INTO REPARTO (NUM_REPARTO, GENERE) VALUES (3 , 'GIARDINAGGIO');
INSERT INTO REPARTO (NUM_REPARTO, GENERE) VALUES (4 , 'EDILIZIA');
INSERT INTO REPARTO (NUM_REPARTO, GENERE) VALUES (5 , 'BRICOLAGE');
INSERT INTO REPARTO (NUM_REPARTO, GENERE) VALUES (6 , 'CARTOLERIA');
INSERT INTO REPARTO (NUM_REPARTO, GENERE) VALUES (7 , 'BEVANDE');
INSERT INTO REPARTO (NUM_REPARTO, GENERE) VALUES (8 , 'SPORT');
INSERT INTO REPARTO (NUM_REPARTO, GENERE) VALUES (9 , 'AUTO');
INSERT INTO REPARTO (NUM_REPARTO, GENERE) VALUES (10, 'INFISSI');
INSERT INTO REPARTO (NUM_REPARTO, GENERE) VALUES (11, 'CAMPEGGIO');
INSERT INTO REPARTO (NUM_REPARTO, GENERE) VALUES (12, 'ELETTRONICA');
INSERT INTO REPARTO (NUM_REPARTO, GENERE) VALUES (13, 'ANIMALI');
INSERT INTO REPARTO (NUM_REPARTO, GENERE) VALUES (14, 'MUSICA');
INSERT INTO REPARTO (NUM_REPARTO, GENERE) VALUES (15, 'ILLUMINAZIONE');



--POPOLAMENTO ALLOCATO_IN
INSERT INTO ALLOCATO_IN (COD_A_BARRE, NUM_REPARTO) VALUES ('2123068136948', 1);
INSERT INTO ALLOCATO_IN (COD_A_BARRE, NUM_REPARTO) VALUES ('1147146288144', 1);
INSERT INTO ALLOCATO_IN (COD_A_BARRE, NUM_REPARTO) VALUES ('4591770060213', 1);
INSERT INTO ALLOCATO_IN (COD_A_BARRE, NUM_REPARTO) VALUES ('4868170438643', 2);
INSERT INTO ALLOCATO_IN (COD_A_BARRE, NUM_REPARTO) VALUES ('2453291606504', 2);
INSERT INTO ALLOCATO_IN (COD_A_BARRE, NUM_REPARTO) VALUES ('4389952512077', 3);
INSERT INTO ALLOCATO_IN (COD_A_BARRE, NUM_REPARTO) VALUES ('4389952512078', 3);
INSERT INTO ALLOCATO_IN (COD_A_BARRE, NUM_REPARTO) VALUES ('2535090470044', 3);
INSERT INTO ALLOCATO_IN (COD_A_BARRE, NUM_REPARTO) VALUES ('3411699099567', 4);
INSERT INTO ALLOCATO_IN (COD_A_BARRE, NUM_REPARTO) VALUES ('4697555199203', 4);
INSERT INTO ALLOCATO_IN (COD_A_BARRE, NUM_REPARTO) VALUES ('4972669961078', 5);
INSERT INTO ALLOCATO_IN (COD_A_BARRE, NUM_REPARTO) VALUES ('3386782315796', 5);
INSERT INTO ALLOCATO_IN (COD_A_BARRE, NUM_REPARTO) VALUES ('3450673484012', 5);
INSERT INTO ALLOCATO_IN (COD_A_BARRE, NUM_REPARTO) VALUES ('4345996248300', 6);
INSERT INTO ALLOCATO_IN (COD_A_BARRE, NUM_REPARTO) VALUES ('4672191910276', 6);
INSERT INTO ALLOCATO_IN (COD_A_BARRE, NUM_REPARTO) VALUES ('2496579567215', 6);
INSERT INTO ALLOCATO_IN (COD_A_BARRE, NUM_REPARTO) VALUES ('4053932021299', 7);
INSERT INTO ALLOCATO_IN (COD_A_BARRE, NUM_REPARTO) VALUES ('3525179531881', 7);
INSERT INTO ALLOCATO_IN (COD_A_BARRE, NUM_REPARTO) VALUES ('3676593253425', 8);
INSERT INTO ALLOCATO_IN (COD_A_BARRE, NUM_REPARTO) VALUES ('2105219111625', 8);
INSERT INTO ALLOCATO_IN (COD_A_BARRE, NUM_REPARTO) VALUES ('2122334447897', 8);
INSERT INTO ALLOCATO_IN (COD_A_BARRE, NUM_REPARTO) VALUES ('3876509887063', 9);
INSERT INTO ALLOCATO_IN (COD_A_BARRE, NUM_REPARTO) VALUES ('3920590301320', 9);
INSERT INTO ALLOCATO_IN (COD_A_BARRE, NUM_REPARTO) VALUES ('2343214964094', 9);
INSERT INTO ALLOCATO_IN (COD_A_BARRE, NUM_REPARTO) VALUES ('3732118429645', 10);
INSERT INTO ALLOCATO_IN (COD_A_BARRE, NUM_REPARTO) VALUES ('2432017565892', 10);
INSERT INTO ALLOCATO_IN (COD_A_BARRE, NUM_REPARTO) VALUES ('3095576964447', 10);
INSERT INTO ALLOCATO_IN (COD_A_BARRE, NUM_REPARTO) VALUES ('4131216097752', 11);
INSERT INTO ALLOCATO_IN (COD_A_BARRE, NUM_REPARTO) VALUES ('4497620225271', 11);
INSERT INTO ALLOCATO_IN (COD_A_BARRE, NUM_REPARTO) VALUES ('4387786510498', 11);
INSERT INTO ALLOCATO_IN (COD_A_BARRE, NUM_REPARTO) VALUES ('4526496990298', 12);
INSERT INTO ALLOCATO_IN (COD_A_BARRE, NUM_REPARTO) VALUES ('4718917495224', 12);
INSERT INTO ALLOCATO_IN (COD_A_BARRE, NUM_REPARTO) VALUES ('1748603249149', 12);
INSERT INTO ALLOCATO_IN (COD_A_BARRE, NUM_REPARTO) VALUES ('2897781414165', 13);
INSERT INTO ALLOCATO_IN (COD_A_BARRE, NUM_REPARTO) VALUES ('1663337118626', 13);
INSERT INTO ALLOCATO_IN (COD_A_BARRE, NUM_REPARTO) VALUES ('2233864576192', 14);
INSERT INTO ALLOCATO_IN (COD_A_BARRE, NUM_REPARTO) VALUES ('3165561969805', 14);
INSERT INTO ALLOCATO_IN (COD_A_BARRE, NUM_REPARTO) VALUES ('4731744297347', 14);
INSERT INTO ALLOCATO_IN (COD_A_BARRE, NUM_REPARTO) VALUES ('4545067061337', 15);
INSERT INTO ALLOCATO_IN (COD_A_BARRE, NUM_REPARTO) VALUES ('1852312870743', 15);



--POPOLAMENTO MAGAZZINIERE
INSERT INTO MAGAZZINIERE (CF_MAGAZZINIERE, NOME_MAGAZZINIERE, COGNOME_MAGAZZINIERE, TELEFONO_MAGAZZINIERE, SESSO_MAGAZZINIERE, DATA_ASSUNZIONE_MAGAZZINIERE, TIPO_CONTRATTO_MAGAZZINIERE) VALUES ('40586094416', 'PATRIZIUS', 'ALBRO', '+351 759 552 4349', 'M', TO_DATE('26/02/2023', 'DD/MM/YYYY'), 'STAGE');
INSERT INTO MAGAZZINIERE (CF_MAGAZZINIERE, NOME_MAGAZZINIERE, COGNOME_MAGAZZINIERE, TELEFONO_MAGAZZINIERE, SESSO_MAGAZZINIERE, DATA_ASSUNZIONE_MAGAZZINIERE, TIPO_CONTRATTO_MAGAZZINIERE) VALUES ('12028220968', 'LOUISETTE', 'MALKINSON', '+593 882 389 9583', 'F', TO_DATE('18/10/2016', 'DD/MM/YYYY'), 'INDETERMINATO');
INSERT INTO MAGAZZINIERE (CF_MAGAZZINIERE, NOME_MAGAZZINIERE, COGNOME_MAGAZZINIERE, TELEFONO_MAGAZZINIERE, SESSO_MAGAZZINIERE, DATA_ASSUNZIONE_MAGAZZINIERE, TIPO_CONTRATTO_MAGAZZINIERE) VALUES ('11733058311', 'CARLA', 'TURBAN', '+1 858 503 1953', 'F', TO_DATE('04/12/2021', 'DD/MM/YYYY'), 'APPRENDISTATO');
INSERT INTO MAGAZZINIERE (CF_MAGAZZINIERE, NOME_MAGAZZINIERE, COGNOME_MAGAZZINIERE, TELEFONO_MAGAZZINIERE, SESSO_MAGAZZINIERE, DATA_ASSUNZIONE_MAGAZZINIERE, TIPO_CONTRATTO_MAGAZZINIERE) VALUES ('19654776516', 'KENNY', 'ROSLING', '+269 365 412 2741', 'M', TO_DATE('14/04/2017', 'DD/MM/YYYY'), 'INDETERMINATO');
INSERT INTO MAGAZZINIERE (CF_MAGAZZINIERE, NOME_MAGAZZINIERE, COGNOME_MAGAZZINIERE, TELEFONO_MAGAZZINIERE, SESSO_MAGAZZINIERE, DATA_ASSUNZIONE_MAGAZZINIERE, TIPO_CONTRATTO_MAGAZZINIERE) VALUES ('48254291314', 'ARDELIS', 'WANTLING', '+62 228 619 9570', 'N', TO_DATE('24/09/2011', 'DD/MM/YYYY'), 'INDETERMINATO');
INSERT INTO MAGAZZINIERE (CF_MAGAZZINIERE, NOME_MAGAZZINIERE, COGNOME_MAGAZZINIERE, TELEFONO_MAGAZZINIERE, SESSO_MAGAZZINIERE, DATA_ASSUNZIONE_MAGAZZINIERE, TIPO_CONTRATTO_MAGAZZINIERE) VALUES ('17136216841', 'PORTIA', 'LINDL', '+380 659 223 4518', 'F', TO_DATE('25/07/2020', 'DD/MM/YYYY'), 'APPRENDISTATO');
INSERT INTO MAGAZZINIERE (CF_MAGAZZINIERE, NOME_MAGAZZINIERE, COGNOME_MAGAZZINIERE, TELEFONO_MAGAZZINIERE, SESSO_MAGAZZINIERE, DATA_ASSUNZIONE_MAGAZZINIERE, TIPO_CONTRATTO_MAGAZZINIERE) VALUES ('14653072934', 'ZEBEDEE', 'SON', '+81 284 530 5542', 'M', TO_DATE('19/04/2016', 'DD/MM/YYYY'), 'INDETERMINATO');
INSERT INTO MAGAZZINIERE (CF_MAGAZZINIERE, NOME_MAGAZZINIERE, COGNOME_MAGAZZINIERE, TELEFONO_MAGAZZINIERE, SESSO_MAGAZZINIERE, DATA_ASSUNZIONE_MAGAZZINIERE, TIPO_CONTRATTO_MAGAZZINIERE) VALUES ('37701858808', 'SHERILYN', 'WORLING', '+62 420 429 9416','F', TO_DATE('20/03/2011', 'DD/MM/YYYY'), 'INDETERMINATO');
INSERT INTO MAGAZZINIERE (CF_MAGAZZINIERE, NOME_MAGAZZINIERE, COGNOME_MAGAZZINIERE, TELEFONO_MAGAZZINIERE, SESSO_MAGAZZINIERE, DATA_ASSUNZIONE_MAGAZZINIERE, TIPO_CONTRATTO_MAGAZZINIERE) VALUES ('36960073499', 'KALINA', 'HUGHS', '+57 217 609 6407', 'F', TO_DATE('26/03/2018', 'DD/MM/YYYY'), 'INDETERMINATO');
INSERT INTO MAGAZZINIERE (CF_MAGAZZINIERE, NOME_MAGAZZINIERE, COGNOME_MAGAZZINIERE, TELEFONO_MAGAZZINIERE, SESSO_MAGAZZINIERE, DATA_ASSUNZIONE_MAGAZZINIERE, TIPO_CONTRATTO_MAGAZZINIERE) VALUES ('12294650298', 'ADELINA', 'BLOWFIELD', '+86 623 110 6265', 'F', TO_DATE('31/07/2014', 'DD/MM/YYYY'), 'INDETERMINATO');
INSERT INTO MAGAZZINIERE (CF_MAGAZZINIERE, NOME_MAGAZZINIERE, COGNOME_MAGAZZINIERE, TELEFONO_MAGAZZINIERE, SESSO_MAGAZZINIERE, DATA_ASSUNZIONE_MAGAZZINIERE, TIPO_CONTRATTO_MAGAZZINIERE) VALUES ('28267637476', 'JASPER', 'NEND', '+86 307 315 3806', 'M', TO_DATE('08/06/2014', 'DD/MM/YYYY'), 'INDETERMINATO');
INSERT INTO MAGAZZINIERE (CF_MAGAZZINIERE, NOME_MAGAZZINIERE, COGNOME_MAGAZZINIERE, TELEFONO_MAGAZZINIERE, SESSO_MAGAZZINIERE, DATA_ASSUNZIONE_MAGAZZINIERE, TIPO_CONTRATTO_MAGAZZINIERE) VALUES ('49383945795', 'CRIS', 'MARDY', '+374 332 272 2817', 'M', TO_DATE('20/04/2014', 'DD/MM/YYYY'), 'INDETERMINATO');
INSERT INTO MAGAZZINIERE (CF_MAGAZZINIERE, NOME_MAGAZZINIERE, COGNOME_MAGAZZINIERE, TELEFONO_MAGAZZINIERE, SESSO_MAGAZZINIERE, DATA_ASSUNZIONE_MAGAZZINIERE, TIPO_CONTRATTO_MAGAZZINIERE) VALUES ('12541828266', 'DOMENIGA', 'KAUBISCH', '+86 799 470 2760', 'F', TO_DATE('22/01/2023', 'DD/MM/YYYY'), 'STAGE');
INSERT INTO MAGAZZINIERE (CF_MAGAZZINIERE, NOME_MAGAZZINIERE, COGNOME_MAGAZZINIERE, TELEFONO_MAGAZZINIERE, SESSO_MAGAZZINIERE, DATA_ASSUNZIONE_MAGAZZINIERE, TIPO_CONTRATTO_MAGAZZINIERE) VALUES ('11012688003', 'ELVA', 'ASPOLE', '+1 958 363 7265', 'F', TO_DATE('11/10/2010', 'DD/MM/YYYY'), 'INDETERMINATO');
INSERT INTO MAGAZZINIERE (CF_MAGAZZINIERE, NOME_MAGAZZINIERE, COGNOME_MAGAZZINIERE, TELEFONO_MAGAZZINIERE, SESSO_MAGAZZINIERE, DATA_ASSUNZIONE_MAGAZZINIERE, TIPO_CONTRATTO_MAGAZZINIERE) VALUES ('16542961696', 'TRICIA', 'DENSHAM', '+62 920 789 6135', 'N', TO_DATE('05/04/2014', 'DD/MM/YYYY'), 'INDETERMINATO');
INSERT INTO MAGAZZINIERE (CF_MAGAZZINIERE, NOME_MAGAZZINIERE, COGNOME_MAGAZZINIERE, TELEFONO_MAGAZZINIERE, SESSO_MAGAZZINIERE, DATA_ASSUNZIONE_MAGAZZINIERE, TIPO_CONTRATTO_MAGAZZINIERE) VALUES ('40472838062', 'PAYTON', 'SPELLER', '+62 838 850 2213', 'M', TO_DATE('05/02/2023', 'DD/MM/YYYY'), 'STAGE');
INSERT INTO MAGAZZINIERE (CF_MAGAZZINIERE, NOME_MAGAZZINIERE, COGNOME_MAGAZZINIERE, TELEFONO_MAGAZZINIERE, SESSO_MAGAZZINIERE, DATA_ASSUNZIONE_MAGAZZINIERE, TIPO_CONTRATTO_MAGAZZINIERE) VALUES ('47199641202', 'RICKARD', 'OLLENBUTTEL', '+58 127 173 4707', 'N', TO_DATE('10/07/2011', 'DD/MM/YYYY'), 'INDETERMINATO');
INSERT INTO MAGAZZINIERE (CF_MAGAZZINIERE, NOME_MAGAZZINIERE, COGNOME_MAGAZZINIERE, TELEFONO_MAGAZZINIERE, SESSO_MAGAZZINIERE, DATA_ASSUNZIONE_MAGAZZINIERE, TIPO_CONTRATTO_MAGAZZINIERE) VALUES ('32205824072', 'WEIDAR', 'SCHUELCKE', '+7 572 264 7483', 'M', TO_DATE('21/06/2021', 'DD/MM/YYYY'), 'APPRENDISTATO');
INSERT INTO MAGAZZINIERE (CF_MAGAZZINIERE, NOME_MAGAZZINIERE, COGNOME_MAGAZZINIERE, TELEFONO_MAGAZZINIERE, SESSO_MAGAZZINIERE, DATA_ASSUNZIONE_MAGAZZINIERE, TIPO_CONTRATTO_MAGAZZINIERE) VALUES ('32120713804', 'AURELEA', 'BILLYARD', '+502 742 739 5387', 'M', TO_DATE('02/11/2012', 'DD/MM/YYYY'), 'INDETERMINATO');
INSERT INTO MAGAZZINIERE (CF_MAGAZZINIERE, NOME_MAGAZZINIERE, COGNOME_MAGAZZINIERE, TELEFONO_MAGAZZINIERE, SESSO_MAGAZZINIERE, DATA_ASSUNZIONE_MAGAZZINIERE, TIPO_CONTRATTO_MAGAZZINIERE) VALUES ('21969968952', 'THOMASINE', 'MACALLASTER', '+62 288 842 8556', 'M', TO_DATE('26/2/2023', 'DD/MM/YYYY'), 'STAGE');



--POPOLAMENTO GESTISCE
INSERT INTO GESTISCE (CF_MAGAZZINIERE, NUM_REPARTO) VALUES ('40586094416', 1 );
INSERT INTO GESTISCE (CF_MAGAZZINIERE, NUM_REPARTO) VALUES ('12028220968', 1 );
INSERT INTO GESTISCE (CF_MAGAZZINIERE, NUM_REPARTO) VALUES ('11733058311', 2 );
INSERT INTO GESTISCE (CF_MAGAZZINIERE, NUM_REPARTO) VALUES ('19654776516', 2 );
INSERT INTO GESTISCE (CF_MAGAZZINIERE, NUM_REPARTO) VALUES ('48254291314', 4 );
INSERT INTO GESTISCE (CF_MAGAZZINIERE, NUM_REPARTO) VALUES ('17136216841', 4 );
INSERT INTO GESTISCE (CF_MAGAZZINIERE, NUM_REPARTO) VALUES ('14653072934', 5 );
INSERT INTO GESTISCE (CF_MAGAZZINIERE, NUM_REPARTO) VALUES ('37701858808', 6 );
INSERT INTO GESTISCE (CF_MAGAZZINIERE, NUM_REPARTO) VALUES ('36960073499', 7 );
INSERT INTO GESTISCE (CF_MAGAZZINIERE, NUM_REPARTO) VALUES ('12294650298', 8 );
INSERT INTO GESTISCE (CF_MAGAZZINIERE, NUM_REPARTO) VALUES ('28267637476', 9 );
INSERT INTO GESTISCE (CF_MAGAZZINIERE, NUM_REPARTO) VALUES ('49383945795', 10);
INSERT INTO GESTISCE (CF_MAGAZZINIERE, NUM_REPARTO) VALUES ('12541828266', 10);
INSERT INTO GESTISCE (CF_MAGAZZINIERE, NUM_REPARTO) VALUES ('11012688003', 11);
INSERT INTO GESTISCE (CF_MAGAZZINIERE, NUM_REPARTO) VALUES ('16542961696', 12);
INSERT INTO GESTISCE (CF_MAGAZZINIERE, NUM_REPARTO) VALUES ('40472838062', 12);
INSERT INTO GESTISCE (CF_MAGAZZINIERE, NUM_REPARTO) VALUES ('47199641202', 13);
INSERT INTO GESTISCE (CF_MAGAZZINIERE, NUM_REPARTO) VALUES ('32205824072', 13);
INSERT INTO GESTISCE (CF_MAGAZZINIERE, NUM_REPARTO) VALUES ('32120713804', 14);
INSERT INTO GESTISCE (CF_MAGAZZINIERE, NUM_REPARTO) VALUES ('21969968952', 14);



--POPOLAMENTO AUTISTA
INSERT INTO AUTISTA (CF_AUTISTA, NOME_AUTISTA, COGNOME_AUTISTA, TELEFONO_AUTISTA, SESSO_AUTISTA, DATA_ASSUNZIONE_AUTISTA, DATA_NASCITA_AUTISTA, TIPO_CONTRATTO_AUTISTA) VALUES ('22027366462', 'WARE', 'SANDOM', '+212 737 519 3266', 'M', TO_DATE('17/08/2022', 'DD/MM/YYYY'), TO_DATE('09/12/1996', 'DD/MM/YYYY'), 'APPRENDISTATO');
INSERT INTO AUTISTA (CF_AUTISTA, NOME_AUTISTA, COGNOME_AUTISTA, TELEFONO_AUTISTA, SESSO_AUTISTA, DATA_ASSUNZIONE_AUTISTA, DATA_NASCITA_AUTISTA, TIPO_CONTRATTO_AUTISTA) VALUES ('19864456740', 'NADYA', 'ROCKEY', '+962 143 607 3757', 'F', TO_DATE('03/08/2018', 'DD/MM/YYYY'), TO_DATE('16/03/1989', 'DD/MM/YYYY'), 'INDETERMINATO');
INSERT INTO AUTISTA (CF_AUTISTA, NOME_AUTISTA, COGNOME_AUTISTA, TELEFONO_AUTISTA, SESSO_AUTISTA, DATA_ASSUNZIONE_AUTISTA, DATA_NASCITA_AUTISTA, TIPO_CONTRATTO_AUTISTA) VALUES ('17131394303', 'GAULTIERO', 'MCAMISH', '+46 108 862 6587', 'N', TO_DATE('17/01/2023', 'DD/MM/YYYY'), TO_DATE('18/07/2001', 'DD/MM/YYYY'), 'STAGE');
INSERT INTO AUTISTA (CF_AUTISTA, NOME_AUTISTA, COGNOME_AUTISTA, TELEFONO_AUTISTA, SESSO_AUTISTA, DATA_ASSUNZIONE_AUTISTA, DATA_NASCITA_AUTISTA, TIPO_CONTRATTO_AUTISTA) VALUES ('47327926937', 'MINNY', 'BAUDAINS', '+212 836 299 1467', 'F', TO_DATE('29/09/2015', 'DD/MM/YYYY'), TO_DATE('07/05/1997', 'DD/MM/YYYY'), 'INDETERMINATO');
INSERT INTO AUTISTA (CF_AUTISTA, NOME_AUTISTA, COGNOME_AUTISTA, TELEFONO_AUTISTA, SESSO_AUTISTA, DATA_ASSUNZIONE_AUTISTA, DATA_NASCITA_AUTISTA, TIPO_CONTRATTO_AUTISTA) VALUES ('37630612595', 'LINDIE', 'WILLIAMSON', '+86 292 219 7687', 'F', TO_DATE('21/04/2011', 'DD/MM/YYYY'), TO_DATE('24/02/1994', 'DD/MM/YYYY'), 'INDETERMINATO');
INSERT INTO AUTISTA (CF_AUTISTA, NOME_AUTISTA, COGNOME_AUTISTA, TELEFONO_AUTISTA, SESSO_AUTISTA, DATA_ASSUNZIONE_AUTISTA, DATA_NASCITA_AUTISTA, TIPO_CONTRATTO_AUTISTA) VALUES ('30137117241', 'XAVIER', 'TREADGOLD', '+86 458 985 6002', 'M', TO_DATE('03/06/2012', 'DD/MM/YYYY'), TO_DATE('07/12/1990', 'DD/MM/YYYY'), 'INDETERMINATO');
INSERT INTO AUTISTA (CF_AUTISTA, NOME_AUTISTA, COGNOME_AUTISTA, TELEFONO_AUTISTA, SESSO_AUTISTA, DATA_ASSUNZIONE_AUTISTA, DATA_NASCITA_AUTISTA, TIPO_CONTRATTO_AUTISTA) VALUES ('12374464208', 'BARNABY', 'VALLERINE', '+7 320 545 3288', 'M', TO_DATE('03/08/2010', 'DD/MM/YYYY'), TO_DATE('06/06/1990', 'DD/MM/YYYY'), 'INDETERMINATO');
INSERT INTO AUTISTA (CF_AUTISTA, NOME_AUTISTA, COGNOME_AUTISTA, TELEFONO_AUTISTA, SESSO_AUTISTA, DATA_ASSUNZIONE_AUTISTA, DATA_NASCITA_AUTISTA, TIPO_CONTRATTO_AUTISTA) VALUES ('36303204202', 'KASSIE', 'GREENSTREET', '+359 165 230 0833', 'F', TO_DATE('29/06/2011', 'DD/MM/YYYY'), TO_DATE('25/12/1993', 'DD/MM/YYYY'), 'INDETERMINATO');
INSERT INTO AUTISTA (CF_AUTISTA, NOME_AUTISTA, COGNOME_AUTISTA, TELEFONO_AUTISTA, SESSO_AUTISTA, DATA_ASSUNZIONE_AUTISTA, DATA_NASCITA_AUTISTA, TIPO_CONTRATTO_AUTISTA) VALUES ('16827004998', 'BOBBY', 'ZUM FELDE', '+7 247 603 3697', 'F', TO_DATE('08/03/2018', 'DD/MM/YYYY'), TO_DATE('30/03/1990', 'DD/MM/YYYY'), 'INDETERMINATO');
INSERT INTO AUTISTA (CF_AUTISTA, NOME_AUTISTA, COGNOME_AUTISTA, TELEFONO_AUTISTA, SESSO_AUTISTA, DATA_ASSUNZIONE_AUTISTA, DATA_NASCITA_AUTISTA, TIPO_CONTRATTO_AUTISTA) VALUES ('19690851247', 'GIUSTINO', 'PLACIDE', '+63 203 779 7427', 'N', TO_DATE('27/01/2015', 'DD/MM/YYYY'), TO_DATE('03/07/1992', 'DD/MM/YYYY'), 'INDETERMINATO');
INSERT INTO AUTISTA (CF_AUTISTA, NOME_AUTISTA, COGNOME_AUTISTA, TELEFONO_AUTISTA, SESSO_AUTISTA, DATA_ASSUNZIONE_AUTISTA, DATA_NASCITA_AUTISTA, TIPO_CONTRATTO_AUTISTA) VALUES ('40768470484', 'ALBERT', 'JILLARD', '+98 914 796 8243', 'M', TO_DATE('12/02/2023', 'DD/MM/YYYY'), TO_DATE('04/03/2001', 'DD/MM/YYYY'), 'STAGE');
INSERT INTO AUTISTA (CF_AUTISTA, NOME_AUTISTA, COGNOME_AUTISTA, TELEFONO_AUTISTA, SESSO_AUTISTA, DATA_ASSUNZIONE_AUTISTA, DATA_NASCITA_AUTISTA, TIPO_CONTRATTO_AUTISTA) VALUES ('20021347681', 'PACE', 'COMINOLI', '+51 443 582 4939', 'M', TO_DATE('05/10/2019', 'DD/MM/YYYY'), TO_DATE('30/09/1989', 'DD/MM/YYYY'), 'INDETERMINATO');
INSERT INTO AUTISTA (CF_AUTISTA, NOME_AUTISTA, COGNOME_AUTISTA, TELEFONO_AUTISTA, SESSO_AUTISTA, DATA_ASSUNZIONE_AUTISTA, DATA_NASCITA_AUTISTA, TIPO_CONTRATTO_AUTISTA) VALUES ('18615652948', 'FAYTHE', 'ROOKSBY', '+31 776 502 9233', 'F', TO_DATE('31/05/2010', 'DD/MM/YYYY'), TO_DATE('12/03/1990', 'DD/MM/YYYY'), 'INDETERMINATO');
INSERT INTO AUTISTA (CF_AUTISTA, NOME_AUTISTA, COGNOME_AUTISTA, TELEFONO_AUTISTA, SESSO_AUTISTA, DATA_ASSUNZIONE_AUTISTA, DATA_NASCITA_AUTISTA, TIPO_CONTRATTO_AUTISTA) VALUES ('19907992683', 'CAL', 'PALPHREYMAN', '+55 454 995 2172', 'M', TO_DATE('29/01/2020', 'DD/MM/YYYY'), TO_DATE('17/12/1996', 'DD/MM/YYYY'), 'APPRENDISTATO');
INSERT INTO AUTISTA (CF_AUTISTA, NOME_AUTISTA, COGNOME_AUTISTA, TELEFONO_AUTISTA, SESSO_AUTISTA, DATA_ASSUNZIONE_AUTISTA, DATA_NASCITA_AUTISTA, TIPO_CONTRATTO_AUTISTA) VALUES ('32496699885', 'WHITBY', 'KLEINPLAC', '+53 289 239 5028', 'N', TO_DATE('15/07/2010', 'DD/MM/YYYY'), TO_DATE('19/04/1991', 'DD/MM/YYYY'), 'INDETERMINATO');



--POPOLAMENTO CAMION                                
INSERT INTO CAMION (TARGA, CF_AUTISTA, MARCA_CAMION, MODELLO_CAMION, CILINDRATA, POTENZA) VALUES ('EP865CP', '22027366462', 'IVECO', 'DAILY', '3000', '116CV');
INSERT INTO CAMION (TARGA, CF_AUTISTA, MARCA_CAMION, MODELLO_CAMION, CILINDRATA, POTENZA) VALUES ('EP955CP', '19864456740', 'IVECO', 'DAILY', '3000', '116CV');
INSERT INTO CAMION (TARGA, CF_AUTISTA, MARCA_CAMION, MODELLO_CAMION, CILINDRATA, POTENZA) VALUES ('MI865CP', '17131394303', 'IVECO', 'DAILY', '3000', '116CV');
INSERT INTO CAMION (TARGA, CF_AUTISTA, MARCA_CAMION, MODELLO_CAMION, CILINDRATA, POTENZA) VALUES ('PO865TP', '47327926937', 'IVECO', 'DAILY', '3000', '116CV');
INSERT INTO CAMION (TARGA, CF_AUTISTA, MARCA_CAMION, MODELLO_CAMION, CILINDRATA, POTENZA) VALUES ('EP878HP', '37630612595', 'IVECO', 'DAILY', '3000', '116CV');
INSERT INTO CAMION (TARGA, CF_AUTISTA, MARCA_CAMION, MODELLO_CAMION, CILINDRATA, POTENZA) VALUES ('PO865TK', '30137117241', 'IVECO', 'PORTAL', '3200', '150CV');
INSERT INTO CAMION (TARGA, CF_AUTISTA, MARCA_CAMION, MODELLO_CAMION, CILINDRATA, POTENZA) VALUES ('PO945TP', '12374464208', 'IVECO', 'PORTAL', '3200', '150CV');
INSERT INTO CAMION (TARGA, CF_AUTISTA, MARCA_CAMION, MODELLO_CAMION, CILINDRATA, POTENZA) VALUES ('MT865TP', '36303204202', 'IVECO', 'PORTAL', '3200', '150CV');
INSERT INTO CAMION (TARGA, CF_AUTISTA, MARCA_CAMION, MODELLO_CAMION, CILINDRATA, POTENZA) VALUES ('PI865TP', '16827004998', 'IVECO', 'PORTAL', '3200', '150CV');
INSERT INTO CAMION (TARGA, CF_AUTISTA, MARCA_CAMION, MODELLO_CAMION, CILINDRATA, POTENZA) VALUES ('23865TP', '19690851247', 'IVECO', 'PORTAL', '3200', '150CV');
INSERT INTO CAMION (TARGA, CF_AUTISTA, MARCA_CAMION, MODELLO_CAMION, CILINDRATA, POTENZA) VALUES ('TO565TP', '40768470484', 'IVECO', 'POWER', '2500', '110CV');
INSERT INTO CAMION (TARGA, CF_AUTISTA, MARCA_CAMION, MODELLO_CAMION, CILINDRATA, POTENZA) VALUES ('HT86YMD', '20021347681', 'IVECO', 'POWER', '2500', '110CV');
INSERT INTO CAMION (TARGA, CF_AUTISTA, MARCA_CAMION, MODELLO_CAMION, CILINDRATA, POTENZA) VALUES ('TD865MP', '18615652948', 'IVECO', 'POWER', '2500', '110CV');
INSERT INTO CAMION (TARGA, CF_AUTISTA, MARCA_CAMION, MODELLO_CAMION, CILINDRATA, POTENZA) VALUES ('KJ865TK', '19907992683', 'IVECO', 'POWER', '2500', '110CV');
INSERT INTO CAMION (TARGA, CF_AUTISTA, MARCA_CAMION, MODELLO_CAMION, CILINDRATA, POTENZA) VALUES ('MU4578K', '32496699885', 'IVECO', 'POWER', '2500', '110CV');



--POPOLAMENTO ORDINE
INSERT INTO ORDINE (NUM_ORDINE, ID_CLIENTE, CF_AUTISTA, DATA_ORDINE) VALUES ('2342-4567', 1, '22027366462', TO_DATE('01/01/2023','DD/MM/YYYY'));
INSERT INTO ORDINE (NUM_ORDINE, ID_CLIENTE, CF_AUTISTA, DATA_ORDINE) VALUES ('2342-4568', 2, '19864456740', TO_DATE('02/01/2023','DD/MM/YYYY'));
INSERT INTO ORDINE (NUM_ORDINE, ID_CLIENTE, CF_AUTISTA, DATA_ORDINE) VALUES ('2342-4569', 3, '17131394303', TO_DATE('03/01/2023','DD/MM/YYYY'));
INSERT INTO ORDINE (NUM_ORDINE, ID_CLIENTE, CF_AUTISTA, DATA_ORDINE) VALUES ('2342-4570', 4, '47327926937', TO_DATE('04/01/2023','DD/MM/YYYY'));
INSERT INTO ORDINE (NUM_ORDINE, ID_CLIENTE, CF_AUTISTA, DATA_ORDINE) VALUES ('2342-4571', 5, '37630612595', TO_DATE('05/01/2023','DD/MM/YYYY'));
INSERT INTO ORDINE (NUM_ORDINE, ID_CLIENTE, CF_AUTISTA, DATA_ORDINE) VALUES ('2342-4572', 6, '30137117241', TO_DATE('06/01/2023','DD/MM/YYYY'));
INSERT INTO ORDINE (NUM_ORDINE, ID_CLIENTE, CF_AUTISTA, DATA_ORDINE) VALUES ('2342-4573', 7, '12374464208', TO_DATE('07/01/2023','DD/MM/YYYY'));
INSERT INTO ORDINE (NUM_ORDINE, ID_CLIENTE, CF_AUTISTA, DATA_ORDINE) VALUES ('2342-4574', 8, '36303204202', TO_DATE('08/01/2023','DD/MM/YYYY'));
INSERT INTO ORDINE (NUM_ORDINE, ID_CLIENTE, CF_AUTISTA, DATA_ORDINE) VALUES ('2342-4575', 9, '16827004998', TO_DATE('09/01/2023','DD/MM/YYYY'));
INSERT INTO ORDINE (NUM_ORDINE, ID_CLIENTE, CF_AUTISTA, DATA_ORDINE) VALUES ('2342-4576', 10, '19690851247', TO_DATE('10/01/2023','DD/MM/YYYY'));
INSERT INTO ORDINE (NUM_ORDINE, ID_CLIENTE, CF_AUTISTA, DATA_ORDINE) VALUES ('2342-4577', 11, '40768470484', TO_DATE('11/01/2023','DD/MM/YYYY'));
INSERT INTO ORDINE (NUM_ORDINE, ID_CLIENTE, CF_AUTISTA, DATA_ORDINE) VALUES ('2342-4578', 12, '20021347681', TO_DATE('12/01/2023','DD/MM/YYYY'));
INSERT INTO ORDINE (NUM_ORDINE, ID_CLIENTE, CF_AUTISTA, DATA_ORDINE) VALUES ('2342-4580', 13, '18615652948', TO_DATE('13/01/2023','DD/MM/YYYY'));
INSERT INTO ORDINE (NUM_ORDINE, ID_CLIENTE, CF_AUTISTA, DATA_ORDINE) VALUES ('2342-4579', 14, '19907992683', TO_DATE('14/01/2023','DD/MM/YYYY'));
INSERT INTO ORDINE (NUM_ORDINE, ID_CLIENTE, CF_AUTISTA, DATA_ORDINE) VALUES ('2342-4581', 15, '32496699885', TO_DATE('15/01/2023','DD/MM/YYYY'));
INSERT INTO ORDINE (NUM_ORDINE, ID_CLIENTE, CF_AUTISTA, DATA_ORDINE) VALUES ('2342-4582', 16, '22027366462', TO_DATE('16/01/2023','DD/MM/YYYY'));
INSERT INTO ORDINE (NUM_ORDINE, ID_CLIENTE, CF_AUTISTA, DATA_ORDINE) VALUES ('2342-4583', 17, '19864456740', TO_DATE('17/01/2023','DD/MM/YYYY'));
INSERT INTO ORDINE (NUM_ORDINE, ID_CLIENTE, CF_AUTISTA, DATA_ORDINE) VALUES ('2342-4584', 18, '17131394303', TO_DATE('18/01/2023','DD/MM/YYYY'));
INSERT INTO ORDINE (NUM_ORDINE, ID_CLIENTE, CF_AUTISTA, DATA_ORDINE) VALUES ('2342-4595', 19, '47327926937', TO_DATE('19/01/2023','DD/MM/YYYY'));
INSERT INTO ORDINE (NUM_ORDINE, ID_CLIENTE, CF_AUTISTA, DATA_ORDINE) VALUES ('2342-4586', 20, '37630612595', TO_DATE('20/01/2023','DD/MM/YYYY'));
INSERT INTO ORDINE (NUM_ORDINE, ID_CLIENTE, CF_AUTISTA, DATA_ORDINE) VALUES ('2342-4587', 21, '30137117241', TO_DATE('21/01/2023','DD/MM/YYYY'));
INSERT INTO ORDINE (NUM_ORDINE, ID_CLIENTE, CF_AUTISTA, DATA_ORDINE) VALUES ('2342-4588', 22, '12374464208', TO_DATE('22/01/2023','DD/MM/YYYY'));
INSERT INTO ORDINE (NUM_ORDINE, ID_CLIENTE, CF_AUTISTA, DATA_ORDINE) VALUES ('2342-4589', 23, '36303204202', TO_DATE('23/01/2023','DD/MM/YYYY'));
INSERT INTO ORDINE (NUM_ORDINE, ID_CLIENTE, CF_AUTISTA, DATA_ORDINE) VALUES ('2342-4590', 24, '16827004998', TO_DATE('24/01/2023','DD/MM/YYYY'));
INSERT INTO ORDINE (NUM_ORDINE, ID_CLIENTE, CF_AUTISTA, DATA_ORDINE) VALUES ('2342-4591', 25, '19690851247', TO_DATE('25/01/2023','DD/MM/YYYY'));
INSERT INTO ORDINE (NUM_ORDINE, ID_CLIENTE, CF_AUTISTA, DATA_ORDINE) VALUES ('2342-4592', 26, '40768470484', TO_DATE('26/01/2023','DD/MM/YYYY'));
INSERT INTO ORDINE (NUM_ORDINE, ID_CLIENTE, CF_AUTISTA, DATA_ORDINE) VALUES ('2342-4593', 27, '20021347681', TO_DATE('26/01/2023','DD/MM/YYYY'));
INSERT INTO ORDINE (NUM_ORDINE, ID_CLIENTE, CF_AUTISTA, DATA_ORDINE) VALUES ('2342-4594', 28, '18615652948', TO_DATE('26/01/2023','DD/MM/YYYY'));
INSERT INTO ORDINE (NUM_ORDINE, ID_CLIENTE, CF_AUTISTA, DATA_ORDINE) VALUES ('2342-4597', 29, '19907992683', TO_DATE('26/01/2023','DD/MM/YYYY'));
INSERT INTO ORDINE (NUM_ORDINE, ID_CLIENTE, CF_AUTISTA, DATA_ORDINE) VALUES ('2342-4596', 30, '32496699885', TO_DATE('26/01/2023','DD/MM/YYYY'));
INSERT INTO ORDINE (NUM_ORDINE, ID_CLIENTE, CF_AUTISTA, DATA_ORDINE) VALUES ('2343-4596', 31, '22027366462', TO_DATE('26/01/2023','DD/MM/YYYY'));
INSERT INTO ORDINE (NUM_ORDINE, ID_CLIENTE, CF_AUTISTA, DATA_ORDINE) VALUES ('2344-4596', 32, '19864456740', TO_DATE('01/02/2023','DD/MM/YYYY'));
INSERT INTO ORDINE (NUM_ORDINE, ID_CLIENTE, CF_AUTISTA, DATA_ORDINE) VALUES ('2345-4596', 33, '17131394303', TO_DATE('02/02/2023','DD/MM/YYYY'));
INSERT INTO ORDINE (NUM_ORDINE, ID_CLIENTE, CF_AUTISTA, DATA_ORDINE) VALUES ('2346-4596', 34, '47327926937', TO_DATE('03/02/2023','DD/MM/YYYY'));
INSERT INTO ORDINE (NUM_ORDINE, ID_CLIENTE, CF_AUTISTA, DATA_ORDINE) VALUES ('2347-4596', 35, '37630612595', TO_DATE('04/02/2023','DD/MM/YYYY'));
INSERT INTO ORDINE (NUM_ORDINE, ID_CLIENTE, CF_AUTISTA, DATA_ORDINE) VALUES ('2348-4596', 36, '30137117241', TO_DATE('05/02/2023','DD/MM/YYYY'));
INSERT INTO ORDINE (NUM_ORDINE, ID_CLIENTE, CF_AUTISTA, DATA_ORDINE) VALUES ('2349-4596', 37, '12374464208', TO_DATE('06/02/2023','DD/MM/YYYY'));
INSERT INTO ORDINE (NUM_ORDINE, ID_CLIENTE, CF_AUTISTA, DATA_ORDINE) VALUES ('2352-4596', 38, '12374464208', TO_DATE('07/02/2023','DD/MM/YYYY'));
INSERT INTO ORDINE (NUM_ORDINE, ID_CLIENTE, CF_AUTISTA, DATA_ORDINE) VALUES ('2362-4596', 39, '36303204202', TO_DATE('08/02/2023','DD/MM/YYYY'));
INSERT INTO ORDINE (NUM_ORDINE, ID_CLIENTE, CF_AUTISTA, DATA_ORDINE) VALUES ('2372-4596', 40, '16827004998', TO_DATE('09/02/2023','DD/MM/YYYY'));



--POPOLAMENTO SPEDIZIONE
INSERT INTO SPEDIZIONE (TRACKING_, NUM_ORDINE, DATA_CONSEGNA) VALUES ('408-1160334-5899503', '2342-4567', TO_DATE('12/02/2023','DD/MM/YYYY'));
INSERT INTO SPEDIZIONE (TRACKING_, NUM_ORDINE, DATA_CONSEGNA) VALUES ('409-1160335-5899504', '2342-4568', TO_DATE('11/02/2023','DD/MM/YYYY'));
INSERT INTO SPEDIZIONE (TRACKING_, NUM_ORDINE, DATA_CONSEGNA) VALUES ('410-1160336-5899505', '2342-4569', TO_DATE('12/02/2023','DD/MM/YYYY'));
INSERT INTO SPEDIZIONE (TRACKING_, NUM_ORDINE, DATA_CONSEGNA) VALUES ('411-1160337-5899506', '2342-4570', TO_DATE('12/02/2023','DD/MM/YYYY'));
INSERT INTO SPEDIZIONE (TRACKING_, NUM_ORDINE, DATA_CONSEGNA) VALUES ('412-1160338-5899507', '2342-4571', TO_DATE('12/02/2023','DD/MM/YYYY'));
INSERT INTO SPEDIZIONE (TRACKING_, NUM_ORDINE, DATA_CONSEGNA) VALUES ('413-1160339-5899508', '2342-4572', TO_DATE('12/02/2023','DD/MM/YYYY'));
INSERT INTO SPEDIZIONE (TRACKING_, NUM_ORDINE, DATA_CONSEGNA) VALUES ('414-1160340-5899509', '2342-4573', TO_DATE('12/02/2023','DD/MM/YYYY'));
INSERT INTO SPEDIZIONE (TRACKING_, NUM_ORDINE, DATA_CONSEGNA )VALUES ('415-1160341-5899510', '2342-4574', TO_DATE('12/02/2023','DD/MM/YYYY'));
INSERT INTO SPEDIZIONE (TRACKING_, NUM_ORDINE, DATA_CONSEGNA) VALUES ('416-1160342-5899511', '2342-4575', TO_DATE('12/02/2023','DD/MM/YYYY'));
INSERT INTO SPEDIZIONE (TRACKING_, NUM_ORDINE, DATA_CONSEGNA) VALUES ('417-1160343-5899512', '2342-4576', TO_DATE('13/02/2023','DD/MM/YYYY'));
INSERT INTO SPEDIZIONE (TRACKING_, NUM_ORDINE, DATA_CONSEGNA) VALUES ('418-1160344-5899513', '2342-4577', TO_DATE('14/02/2023','DD/MM/YYYY'));
INSERT INTO SPEDIZIONE (TRACKING_, NUM_ORDINE, DATA_CONSEGNA) VALUES ('419-1160345-5899514', '2342-4578', TO_DATE('15/02/2023','DD/MM/YYYY'));
INSERT INTO SPEDIZIONE (TRACKING_, NUM_ORDINE, DATA_CONSEGNA) VALUES ('420-1160346-5899515', '2342-4580', TO_DATE('16/02/2023','DD/MM/YYYY'));
INSERT INTO SPEDIZIONE (TRACKING_, NUM_ORDINE, DATA_CONSEGNA) VALUES ('421-1160347-5899516', '2342-4579', TO_DATE('17/02/2023','DD/MM/YYYY'));
INSERT INTO SPEDIZIONE (TRACKING_, NUM_ORDINE, DATA_CONSEGNA) VALUES ('422-1160348-5899517', '2342-4581', TO_DATE('18/02/2023','DD/MM/YYYY'));
INSERT INTO SPEDIZIONE (TRACKING_, NUM_ORDINE, DATA_CONSEGNA) VALUES ('423-1160349-5899518', '2342-4582', TO_DATE('19/02/2023','DD/MM/YYYY'));
INSERT INTO SPEDIZIONE (TRACKING_, NUM_ORDINE, DATA_CONSEGNA) VALUES ('424-1160350-5899519', '2342-4583', TO_DATE('20/02/2023','DD/MM/YYYY'));
INSERT INTO SPEDIZIONE (TRACKING_, NUM_ORDINE, DATA_CONSEGNA) VALUES ('425-1160351-5899520', '2342-4584', TO_DATE('21/02/2023','DD/MM/YYYY'));
INSERT INTO SPEDIZIONE (TRACKING_, NUM_ORDINE, DATA_CONSEGNA) VALUES ('426-1160352-5899521', '2342-4595', TO_DATE('22/02/2023','DD/MM/YYYY'));
INSERT INTO SPEDIZIONE (TRACKING_, NUM_ORDINE, DATA_CONSEGNA) VALUES ('427-1160353-5899522', '2342-4586', TO_DATE('23/02/2023','DD/MM/YYYY'));
INSERT INTO SPEDIZIONE (TRACKING_, NUM_ORDINE, DATA_CONSEGNA) VALUES ('428-1160354-5899523', '2342-4587', TO_DATE('24/02/2023','DD/MM/YYYY'));
INSERT INTO SPEDIZIONE (TRACKING_, NUM_ORDINE, DATA_CONSEGNA) VALUES ('429-1160355-5899524', '2342-4588', TO_DATE('25/02/2023','DD/MM/YYYY'));
INSERT INTO SPEDIZIONE (TRACKING_, NUM_ORDINE, DATA_CONSEGNA) VALUES ('430-1160356-5899525', '2342-4589', TO_DATE('26/02/2023','DD/MM/YYYY'));
INSERT INTO SPEDIZIONE (TRACKING_, NUM_ORDINE, DATA_CONSEGNA) VALUES ('431-1160357-5899526', '2342-4590', TO_DATE('27/02/2023','DD/MM/YYYY'));
INSERT INTO SPEDIZIONE (TRACKING_, NUM_ORDINE, DATA_CONSEGNA) VALUES ('432-1160358-5899527', '2342-4591', TO_DATE('28/02/2023','DD/MM/YYYY'));
INSERT INTO SPEDIZIONE (TRACKING_, NUM_ORDINE, DATA_CONSEGNA) VALUES ('433-1160359-5899528', '2342-4592', TO_DATE('19/03/2023','DD/MM/YYYY'));
INSERT INTO SPEDIZIONE (TRACKING_, NUM_ORDINE, DATA_CONSEGNA) VALUES ('434-1160360-5899529', '2342-4593', TO_DATE('19/02/2023','DD/MM/YYYY'));
INSERT INTO SPEDIZIONE (TRACKING_, NUM_ORDINE, DATA_CONSEGNA) VALUES ('435-1160361-5899530', '2342-4594', TO_DATE('19/02/2023','DD/MM/YYYY'));
INSERT INTO SPEDIZIONE (TRACKING_, NUM_ORDINE, DATA_CONSEGNA) VALUES ('436-1160362-5899531', '2342-4597', TO_DATE('20/02/2023','DD/MM/YYYY'));
INSERT INTO SPEDIZIONE (TRACKING_, NUM_ORDINE, DATA_CONSEGNA) VALUES ('437-1160363-5899532', '2342-4596', TO_DATE('13/02/2023','DD/MM/YYYY'));
INSERT INTO SPEDIZIONE (TRACKING_, NUM_ORDINE, DATA_CONSEGNA) VALUES ('438-1160364-5899532', '2343-4596', TO_DATE('13/02/2023','DD/MM/YYYY'));
INSERT INTO SPEDIZIONE (TRACKING_, NUM_ORDINE, DATA_CONSEGNA) VALUES ('439-1160365-5899532', '2344-4596', TO_DATE('14/02/2023','DD/MM/YYYY'));
INSERT INTO SPEDIZIONE (TRACKING_, NUM_ORDINE, DATA_CONSEGNA) VALUES ('440-1160366-5899532', '2345-4596', TO_DATE('15/02/2023','DD/MM/YYYY'));
INSERT INTO SPEDIZIONE (TRACKING_, NUM_ORDINE, DATA_CONSEGNA) VALUES ('441-1160367-5899532', '2346-4596', TO_DATE('16/02/2023','DD/MM/YYYY'));
INSERT INTO SPEDIZIONE (TRACKING_, NUM_ORDINE, DATA_CONSEGNA) VALUES ('442-1160368-5899532', '2347-4596', TO_DATE('17/02/2023','DD/MM/YYYY'));
INSERT INTO SPEDIZIONE (TRACKING_, NUM_ORDINE, DATA_CONSEGNA) VALUES ('443-1160369-5899532', '2348-4596', TO_DATE('18/02/2023','DD/MM/YYYY'));
INSERT INTO SPEDIZIONE (TRACKING_, NUM_ORDINE, DATA_CONSEGNA) VALUES ('444-1160370-5899532', '2349-4596', TO_DATE('19/02/2023','DD/MM/YYYY'));
INSERT INTO SPEDIZIONE (TRACKING_, NUM_ORDINE, DATA_CONSEGNA) VALUES ('445-1160363-5899532', '2352-4596', TO_DATE('20/02/2023','DD/MM/YYYY'));
INSERT INTO SPEDIZIONE (TRACKING_, NUM_ORDINE, DATA_CONSEGNA) VALUES ('446-1160363-5899532', '2362-4596', TO_DATE('21/02/2023','DD/MM/YYYY'));
INSERT INTO SPEDIZIONE (TRACKING_, NUM_ORDINE, DATA_CONSEGNA) VALUES ('447-1160363-5899532', '2372-4596', TO_DATE('22/02/2023','DD/MM/YYYY'));